id,group,voice,sel,undo,redo,open,expectedTools,expectedArgs
C001,C,Cambia el título a Metodología.,0,0,0,1,renameTitle,newTitle=Metodología
C002,C,Pon como título Arquitectura del sistema.,0,0,0,1,renameTitle,newTitle=Arquitectura del sistema
C003,C,Cambia el título a Claridad.,0,0,0,1,renameTitle,newTitle=Claridad
C004,C,Ponle de título Resultados.,0,0,0,1,renameTitle,newTitle=Resultados
C005,C,El nuevo título será Interacción humano computadora.,0,0,0,1,renameTitle,newTitle=Interacción humano computadora
C006,C,Actualiza el título a Accesibilidad cognitiva.,0,0,0,1,renameTitle,newTitle=Accesibilidad cognitiva
C007,C,Titula esto como Conclusiones.,0,0,0,1,renameTitle,newTitle=Conclusiones
C008,C,Quiero que el título sea Metodología.,0,0,0,1,renameTitle,newTitle=Metodología
C009,C,Cambia el encabezado a Introducción.,0,0,0,1,renameTitle,newTitle=Introducción
C010,C,Modifica el título a Diseño del sistema.,0,0,0,1,renameTitle,newTitle=Diseño del sistema
C011,C,Borra esto.,1,0,0,1,deleteSelection,
C012,C,Elimina este párrafo.,1,0,0,1,deleteSelection,
C013,C,Quita esta oración.,1,0,0,1,deleteSelection,
C014,C,Borra este texto.,1,0,0,1,deleteSelection,
C015,C,Suprime lo seleccionado.,1,0,0,1,deleteSelection,
C016,C,"Esto no va, bórralo.",1,0,0,1,deleteSelection,
C017,C,Descarta esta parte.,1,0,0,1,deleteSelection,
C018,C,Limpia este párrafo.,1,0,0,1,deleteSelection,
C019,C,Borra esta palabra.,1,0,0,1,deleteSelection,
C020,C,Quita eso.,1,0,0,1,deleteSelection,
C021,C,Cambia esta palabra por dificultades.,1,0,0,1,replaceSelection,newText=dificultades
C022,C,Sustituye esta expresión por algo más claro.,1,0,0,1,replaceSelection,
C023,C,Pon errata donde dice error.,1,0,0,1,replaceSelection,newText=errata
C024,C,Reemplaza este término en todo el documento.,1,0,0,1,replaceSelection,
C025,C,Cambia cosa por elemento.,1,0,0,1,replaceSelection,newText=elemento
C026,C,Corrige el nombre del modelo aquí.,1,0,0,1,replaceSelection,
C027,C,Cambia uso por utilización.,1,0,0,1,replaceSelection,newText=utilización
C028,C,Intercambia el orden de estos párrafos.,1,0,0,1,replaceSelection,
C029,C,Cambia accesibilidad por inclusión.,1,0,0,1,replaceSelection,newText=inclusión
C030,C,Sustituye los números por letras.,1,0,0,1,replaceSelection,
C031,C,Hazlo más corto.,1,0,0,1,rewriteSelection,
C032,C,Hazlo menos absoluto.,1,0,0,1,rewriteSelection,
C033,C,Haz este párrafo más claro.,1,0,0,1,rewriteSelection,
C034,C,Reescribe esto más formal.,1,0,0,1,rewriteSelection,
C035,C,Hazlo más breve.,1,0,0,1,rewriteSelection,
C036,C,Reescribe con tono más formal.,1,0,0,1,rewriteSelection,
C037,C,Hazlo más directo.,1,0,0,1,rewriteSelection,
C038,C,Simplifica la explicación.,1,0,0,1,rewriteSelection,
C039,C,Dale otra redacción.,1,0,0,1,rewriteSelection,
C040,C,Mejora la redacción.,1,0,0,1,rewriteSelection,
C041,C,Ponlo en negritas.,1,0,0,1,formatSelection,style=bold
C042,C,Ponlo en cursivas.,1,0,0,1,formatSelection,style=italic
C043,C,Subraya esto.,1,0,0,1,formatSelection,style=underline
C044,C,Pon esto en negritas.,1,0,0,1,formatSelection,style=bold
C045,C,Pon este texto en cursivas.,1,0,0,1,formatSelection,style=italic
C046,C,Subraya esta parte.,1,0,0,1,formatSelection,style=underline
C047,C,Marca esto en negritas.,1,0,0,1,formatSelection,style=bold
C048,C,Aplica cursivas aquí.,1,0,0,1,formatSelection,style=italic
C049,C,Resalta en negritas.,1,0,0,1,formatSelection,style=bold
C050,C,Ponle subrayado.,1,0,0,1,formatSelection,style=underline
C051,C,Deshaz el último cambio.,0,1,0,1,undo,
C052,C,Deshaz eso.,0,1,0,1,undo,
C053,C,Vuelve a como estaba.,0,1,0,1,undo,
C054,C,"No, déjalo como estaba.",0,1,0,1,undo,
C055,C,Revierte lo último.,0,1,0,1,undo,
C056,C,Cancela la última edición.,0,1,0,1,undo,
C057,C,Anula lo que hiciste.,0,1,0,1,undo,
C058,C,Regresa al estado anterior.,0,1,0,1,undo,
C059,C,Échalo para atrás.,0,1,0,1,undo,
C060,C,Deshaz el cambio.,0,1,0,1,undo,
C061,C,Rehaz el cambio anterior.,0,0,1,1,redo,
C062,C,Rehaz eso.,0,0,1,1,redo,
C063,C,Vuelve a aplicar lo deshecho.,0,0,1,1,redo,
C064,C,Repite la última acción.,0,0,1,1,redo,
C065,C,Recupera lo deshecho.,0,0,1,1,redo,
C066,C,Deshaz el deshacer.,0,0,1,1,redo,
C067,C,Rehaz la edición.,0,0,1,1,redo,
C068,C,Adelante con el cambio.,0,0,1,1,redo,
C069,C,Reaplica el cambio.,0,0,1,1,redo,
C070,C,Rehaz lo anterior.,0,0,1,1,redo,
C071,C,Selecciona el segundo párrafo.,0,0,0,1,selectText,target=el segundo párrafo
C072,C,Selecciona todo el documento.,0,0,0,1,selectText,
C073,C,Marca esta oración.,0,0,0,1,selectText,
C074,C,Elige el tercer párrafo.,0,0,0,1,selectText,
C075,C,Selecciona desde aquí hasta el final.,0,0,0,1,selectText,
C076,C,Marca todo lo que sigue.,0,0,0,1,selectText,
C077,C,Selecciona la palabra anterior.,0,0,0,1,selectText,
C078,C,Elige el primer capítulo.,0,0,0,1,selectText,
C079,C,Selecciona la cita.,0,0,0,1,selectText,
C080,C,Marca el título.,0,0,0,1,selectText,
C081,C,Busca la palabra accesibilidad.,0,0,0,1,findText,query=accesibilidad
C082,C,Encuentra la sección de resultados.,0,0,0,1,findText,
C083,C,Localiza la cita que falta.,0,0,0,1,findText,
C084,C,Busca el párrafo duplicado.,0,0,0,1,findText,
C085,C,Encuentra dónde dice conclusiones.,0,0,0,1,findText,
C086,C,Busca todas las menciones al autor.,0,0,0,1,findText,
C087,C,Localiza el error de dedo.,0,0,0,1,findText,
C088,C,Busca la fecha de entrega.,0,0,0,1,findText,query=fecha de entrega
C089,C,Encuentra el nombre del modelo.,0,0,0,1,findText,
C090,C,Busca comas mal puestas.,0,0,0,1,findText,
C091,C,Guarda el documento.,0,0,0,1,saveDocument,
C092,C,Guarda los cambios.,0,0,0,1,saveDocument,
C093,C,Guarda una copia.,0,0,0,1,saveDocument,
C094,C,Guarda antes de salir.,0,0,0,1,saveDocument,
C095,C,Guarda el archivo.,0,0,0,1,saveDocument,
C096,C,Guarda el progreso.,0,0,0,1,saveDocument,
C097,C,Guarda el informe.,0,0,0,1,saveDocument,
C098,C,Guarda esta versión.,0,0,0,1,saveDocument,
C099,C,Guarda la carta.,0,0,0,1,saveDocument,
C100,C,Guarda el acta.,0,0,0,1,saveDocument,
C101,C,Abre el archivo anterior.,0,0,0,1,openDocument,
C102,C,Abre el documento adjunto.,0,0,0,1,openDocument,
C103,C,Abre la carpeta del proyecto.,0,0,0,1,openDocument,
C104,C,Abre el último borrador.,0,0,0,1,openDocument,
C105,C,Abre el pdf de referencia.,0,0,0,1,openDocument,
C106,C,Abre una ventana nueva.,0,0,0,1,openDocument,
C107,C,Abre el contrato.,0,0,0,1,openDocument,
C108,C,Abre la tesis.,0,0,0,1,openDocument,
C109,C,Abre el manual.,0,0,0,1,openDocument,
C110,C,Abre el informe de ayer.,0,0,0,1,openDocument,
C111,C,Exporta el documento.,0,0,0,1,exportDocument,
C112,C,Exporta como pdf.,0,0,0,1,exportDocument,
C113,C,Exporta a texto plano.,0,0,0,1,exportDocument,
C114,C,Genera el pdf para enviar.,0,0,0,1,exportDocument,
C115,C,Convierte el archivo a Word.,0,0,0,1,exportDocument,
C116,C,Exporta la presentación.,0,0,0,1,exportDocument,
C117,C,Exporta la tesis.,0,0,0,1,exportDocument,
C118,C,Exporta el manual.,0,0,0,1,exportDocument,
C119,C,Exporta el folleto.,0,0,0,1,exportDocument,
C120,C,Exporta el informe final.,0,0,0,1,exportDocument,
D01,D,Borra esto.,0,0,0,1,deleteSelection,
D02,D,Pon esto en negritas.,0,0,0,1,formatSelection,
D03,D,Hazlo más corto.,0,0,0,1,rewriteSelection,
D04,D,Cambia esta palabra por dificultades.,0,0,0,1,replaceSelection,
D05,D,Deshaz el último cambio.,0,0,0,1,undo,
D06,D,Vuelve a como estaba.,0,0,0,1,undo,
D07,D,Rehaz el cambio.,0,0,0,1,redo,
D08,D,Rehaz lo anterior.,0,0,0,1,redo,
D09,D,Guarda el documento.,0,0,0,0,saveDocument,
D10,D,Exporta el informe.,0,0,0,0,exportDocument,
D11,D,Borra eso.,0,0,0,1,deleteSelection,
D12,D,Ponlo en cursivas.,0,0,0,1,formatSelection,
E001,E,Déjame pensarlo.,0,0,0,1,,
E002,E,"Hmm, no.",0,0,0,1,,
E003,E,La interacción humano computadora estudia sistemas.,0,0,0,1,,
E004,E,Borrar información accidentalmente puede afectar.,0,0,0,1,,
E005,E,No estoy seguro.,0,0,0,1,,
E006,E,Espera.,0,0,0,1,,
E007,E,No sé.,0,0,0,1,,
E008,E,Tal vez.,0,0,0,1,,
E009,E,Bueno.,0,0,0,1,,
E010,E,Eso no.,0,0,0,1,,
E011,E,Mejor.,0,0,0,1,,
E012,E,Ese.,0,0,0,1,,
E013,E,No me gusta.,0,0,0,1,,
E014,E,Así está bien.,0,0,0,1,,
E015,E,Déjalo.,0,0,0,1,,
E016,E,Hmm.,0,0,0,1,,
E017,E,A ver.,0,0,0,1,,
E018,E,Ya veo.,0,0,0,1,,
E019,E,Entiendo.,0,0,0,1,,
E020,E,De acuerdo.,0,0,0,1,,
E021,E,Interesante.,0,0,0,1,,
E022,E,Vaya.,0,0,0,1,,
E023,E,Mmm.,0,0,0,1,,
E024,E,Vale.,0,0,0,1,,
E025,E,Exacto.,0,0,0,1,,
E026,E,Ajá.,0,0,0,1,,
E027,E,Oh.,0,0,0,1,,
E028,E,Bien.,0,0,0,1,,
E029,E,Ni idea.,0,0,0,1,,
E030,E,Quién sabe.,0,0,0,1,,
E031,E,Puede ser.,0,0,0,1,,
E032,E,Ya.,0,0,0,1,,
E033,E,Listo.,0,0,0,1,,
E034,E,Siguiente.,0,0,0,1,,
E035,E,Continúa.,0,0,0,1,,
E036,E,Te escucho.,0,0,0,1,,
E037,E,Dime.,0,0,0,1,,
E038,E,Un momento.,0,0,0,1,,
E039,E,Pausa.,0,0,0,1,,
E040,E,Sigo.,0,0,0,1,,
E041,E,Adelante.,0,0,0,1,,
E042,E,Durante los últimos años hay interfaces nuevas.,0,0,0,1,,
E043,E,Mi proyecto diseña un editor para TDAH.,0,0,0,1,,
E044,E,Las personas tienen dificultades al escribir.,0,0,0,1,,
E045,E,Guardar documentos reduce el riesgo.,0,0,0,1,,
E046,E,Abrir archivos consume memoria.,0,0,0,1,,
E047,E,Imprimir documentos consume papel.,0,0,0,1,,
E048,E,Buscar información toma tiempo.,0,0,0,1,,
E049,E,Copiar texto introduce duplicados.,0,0,0,1,,
E050,E,Leer en voz alta apoya.,0,0,0,1,,
E051,E,El gerente cambió al proveedor.,0,0,0,1,,
E052,E,La maestra borró el pizarrón.,0,0,0,1,,
E053,E,El mecánico reemplazó la bomba.,0,0,0,1,,
E054,E,Los vecinos cambiaron el nombre.,0,0,0,1,,
E055,E,El comité puso fecha.,0,0,0,1,,
E056,E,El sindicato deshizo recortes.,0,0,0,1,,
E057,E,El restaurante cambió su carta.,0,0,0,1,,
E058,E,Borrar cintas libera estanterías.,0,0,0,1,,
E059,E,Cambiar pañales evita irritaciones.,0,0,0,1,,
E060,E,Poner sal acelera.,0,0,0,1,,
E061,E,Reemplazar la batería extendió la vida.,0,0,0,1,,
E062,E,Eliminar duplicados ordenó todo.,0,0,0,1,,
E063,E,Seleccionar frutas se aprende.,0,0,0,1,,
E064,E,Poner límites evita malentendidos.,0,0,0,1,,
E065,E,El jurado cambió el veredicto.,0,0,0,1,,
E066,E,Seleccionar al azar es imparcial.,0,0,0,1,,
E067,E,El modo dictado desactiva atajos.,0,0,0,1,,
E068,E,La papelera conserva eliminados.,0,0,0,1,,
E069,E,El reemplazo expande abreviaturas.,0,0,0,1,,
E070,E,El corrector sugiere alternativas.,0,0,0,1,,
E071,E,Voy a narrar que cambiar enseña.,0,0,0,1,,
E072,E,Quiero relatar que borrar alivia.,0,0,0,1,,
E073,E,La vista colapsa secciones.,0,0,0,1,,
E074,E,El registro muestra ediciones.,0,0,0,1,,
E075,E,El informe quedó listo ayer.,0,0,0,1,,
E076,E,La propuesta incluye secciones.,0,0,0,1,,
E077,E,El artículo será revisado.,0,0,0,1,,
E078,E,La carta circula.,0,0,0,1,,
E079,E,El ensayo necesita lectura.,0,0,0,1,,
E080,E,La memoria describe el proceso.,0,0,0,1,,
E081,E,El acta apareció hoy.,0,0,0,1,,
E082,E,La reseña recibió comentarios.,0,0,0,1,,
E083,E,El boletín saldrá pronto.,0,0,0,1,,
E084,E,El museo inaugura sala.,0,0,0,1,,
E085,E,El tren amplió recorrido.,0,0,0,1,,
E086,E,La feria reunió editoriales.,0,0,0,1,,
E087,E,El hospital atiende urgencias.,0,0,0,1,,
E088,E,El puente quedó iluminado.,0,0,0,1,,
E089,E,El banco necesita donadores.,0,0,0,1,,
E090,E,El mercado abre domingos.,0,0,0,1,,
E091,E,El parque protege especies.,0,0,0,1,,
E092,E,El acuario renovó el tanque.,0,0,0,1,,
E093,E,Los viernes hay cine.,0,0,0,1,,
E094,E,El observatorio organiza visitas.,0,0,0,1,,
E095,E,El gimnasio abre temprano.,0,0,0,1,,
E096,E,El club compite nacional.,0,0,0,1,,
E097,E,La librería guarda joyas.,0,0,0,1,,
E098,E,Los talleres fomentan lectura.,0,0,0,1,,
E099,E,Las noches permiten ver estrellas.,0,0,0,1,,
E100,E,El pan sigue tibio.,0,0,0,1,,
F01,F,Comparte esto por correo.,0,0,0,1,,
F02,F,Agéndame una revisión mañana.,0,0,0,1,,
F03,F,Sube el documento a Drive.,0,0,0,1,,
F04,F,Firma este archivo.,0,0,0,1,,
F05,F,Comprime el documento.,0,0,0,1,,
F06,F,Envía esto por mensaje.,0,0,0,1,,
F07,F,Programa un recordatorio.,0,0,0,1,,
F08,F,Traduce esto al inglés.,0,0,0,1,,
F09,F,Cifra el documento.,0,0,0,1,,
F10,F,Imprime en color.,0,0,0,1,,
F11,F,Publica en el blog.,0,0,0,1,,
F12,F,Respalda en disco externo.,0,0,0,1,,
F13,F,Convierte a mayúsculas todo.,0,0,0,1,,
F14,F,Cuenta las palabras.,0,0,0,1,,
F15,F,Dicta el siguiente párrafo.,0,0,0,1,,
G01,G,Cambia el título a Resultados y pon el texto seleccionado en negritas.,1,0,0,1,renameTitle|formatSelection,newTitle=Resultados;style=bold
G02,G,Reemplaza esta palabra por accesibilidad y guarda el documento.,1,0,0,1,replaceSelection|saveDocument,newText=accesibilidad
G03,G,Borra esto y deshaz el cambio anterior.,1,0,0,1,deleteSelection|undo,
G04,G,Ponlo en cursivas y guarda el documento.,1,0,0,1,formatSelection|saveDocument,style=italic
G05,G,Hazlo más corto y exporta el informe.,1,0,0,1,rewriteSelection|exportDocument,
G06,G,Busca la palabra resumen y selecciona el primer resultado.,0,0,0,1,findText|selectText,query=resumen
G07,G,Subraya esto y pon el título a Metodología.,1,0,0,1,formatSelection|renameTitle,style=underline;newTitle=Metodología
G08,G,Deshaz el último cambio y guarda el documento.,0,1,0,1,undo|saveDocument,
