id,audio_file,expected_spoken_text,expected_command,expected_argument,category,challenge,seg_count,top1_transcript,top1_confidence,top1_parsed,top1_canon,top1_correct,top1_arg_grade,alternative_count,alt_1_transcript,alt_1_confidence,alt_1_parsed,alt_1_canon,alt_1_arg_grade,alt_2_transcript,alt_2_confidence,alt_2_parsed,alt_2_canon,alt_2_arg_grade,alt_3_transcript,alt_3_confidence,alt_3_parsed,alt_3_canon,alt_3_arg_grade,alt_4_transcript,alt_4_confidence,alt_4_parsed,alt_4_canon,alt_4_arg_grade,alt_5_transcript,alt_5_confidence,alt_5_parsed,alt_5_canon,alt_5_arg_grade,stt_ms
V001,data/audio_v2/V001.wav,"Cambia el encabezado a Resultados 2026.",renameTitle,"Resultados 2026",rename,"argument;rename",3,"Cambia el encabezado a resultados 2026",0.781,"renameTitle(""resultados 2026"")",renameTitle,1,CASE_ONLY_DIFFERENCE,0,,,,,,,,,,,,,,,,,,,,,,,,,,492.7
V002,data/audio_v2/V002.wav,"Pon como título Capítulo 3.",renameTitle,"Capítulo 3",rename,"argument;rename",1,"Pon como título capítulo tres",0.991,"renameTitle(""capítulo tres"")",renameTitle,1,WRONG,1,"Pon como título capítulo tres",0.991,"renameTitle(""capítulo tres"")",renameTitle,WRONG,,,,,,,,,,,,,,,,,,,,,207.3
V003,data/audio_v2/V003.wav,"Ponle María José al informe.",renameTitle,"María José",rename,"argument;rename",1,"Ponle María José al informe",0.932,"renameTitle(""María José"")",renameTitle,1,EXACT,1,"Ponle María José al informe",0.932,"renameTitle(""María José"")",renameTitle,EXACT,,,,,,,,,,,,,,,,,,,,,202.6
V004,data/audio_v2/V004.wav,"Titula este informe como Metodología.",renameTitle,"Metodología",rename,"argument;rename",1,"Titula este informe como metodología",0.903,"renameTitle(""metodología"")",renameTitle,1,CASE_ONLY_DIFFERENCE,1,"Titula este informe como metodología",0.903,"renameTitle(""metodología"")",renameTitle,CASE_ONLY_DIFFERENCE,,,,,,,,,,,,,,,,,,,,,209.5
V005,data/audio_v2/V005.wav,"Renombra el documento a SwiftUI.",renameTitle,"SwiftUI",rename,"argument;rename",2,"Renombre el documento SwiftUI",0.647,"unknown",unknown,0,WRONG,0,,,,,,,,,,,,,,,,,,,,,,,,,,290.5
V006,data/audio_v2/V006.wav,"Actualiza el nombre a Evaluación de IHC.",renameTitle,"Evaluación de IHC",rename,"argument;rename",3,"Actualiza el nombre evaluación de IHC",0.825,"unknown",unknown,0,WRONG,0,,,,,,,,,,,,,,,,,,,,,,,,,,213.3
V007,data/audio_v2/V007.wav,"El título dirá Interacción Humano-Computadora.",renameTitle,"Interacción Humano-Computadora",rename,"argument;rename",1,"El título dirá interacción humana computadora",0.966,"renameTitle(""interacción humana computadora"")",renameTitle,1,WRONG,1,"El título dirá interacción humana computadora",0.966,"renameTitle(""interacción humana computadora"")",renameTitle,WRONG,,,,,,,,,,,,,,,,,,,,,211.9
V008,data/audio_v2/V008.wav,"Nombra el acta como accesibilidad cognitiva.",renameTitle,"accesibilidad cognitiva",rename,"argument;rename",4,"Nombra el acta, accesibilidad cognitiva",0.864,"renameTitle(""accesibilidad cognitiva"")",renameTitle,1,EXACT,0,,,,,,,,,,,,,,,,,,,,,,,,,,209.6
V009,data/audio_v2/V009.wav,"Cambia el nombre a IHC.",renameTitle,"IHC",rename,"argument;rename;short",2,"Cambia el nombre a HC",0.526,"renameTitle(""HC"")",renameTitle,1,MINOR_STT_ERROR,0,,,,,,,,,,,,,,,,,,,,,,,,,,216.7
V010,data/audio_v2/V010.wav,"Ponle de título TDAH.",renameTitle,"TDAH",rename,"argument;rename",1,"Ponle de título TDA",0.681,"renameTitle(""TDA"")",renameTitle,1,MINOR_STT_ERROR,1,"Ponle de título TDA",0.681,"renameTitle(""TDA"")",renameTitle,MINOR_STT_ERROR,,,,,,,,,,,,,,,,,,,,,201.6
V011,data/audio_v2/V011.wav,"Bautiza el informe como María José.",renameTitle,"María José",rename,"argument;rename",2,"Bautiza el informe como María José",0.708,"renameTitle(""María José"")",renameTitle,1,EXACT,0,,,,,,,,,,,,,,,,,,,,,,,,,,193.3
V012,data/audio_v2/V012.wav,"Que el título cite Capítulo 3.",renameTitle,"Capítulo 3",rename,"argument;rename",3,"Qué el título si te capítulo tres",0.682,"unknown",unknown,0,WRONG,0,,,,,,,,,,,,,,,,,,,,,,,,,,227.2
V013,data/audio_v2/V013.wav,"Modifica el encabezado a Metodología.",renameTitle,"Metodología",rename,"argument;rename",2,"Modificar el encabezado a metodología",0.655,"unknown",unknown,0,WRONG,0,,,,,,,,,,,,,,,,,,,,,,,,,,200.5
V014,data/audio_v2/V014.wav,"El encabezado será Resultados.",renameTitle,"Resultados",rename,"argument;rename;short",1,"El encabezado será resultados",0.984,"renameTitle(""resultados"")",renameTitle,1,CASE_ONLY_DIFFERENCE,1,"El encabezado será resultados",0.984,"renameTitle(""resultados"")",renameTitle,CASE_ONLY_DIFFERENCE,,,,,,,,,,,,,,,,,,,,,191.5
V015,data/audio_v2/V015.wav,"Borra la selección.",deleteSelection,"",delete,"delete",1,"Borra la selección",0.947,"deleteSelection",deleteSelection,1,EXACT,1,"Borra la selección",0.947,"deleteSelection",deleteSelection,EXACT,,,,,,,,,,,,,,,,,,,,,191.8
V016,data/audio_v2/V016.wav,"Elimina esto.",deleteSelection,"",delete,"delete",1,"Elimina esto",0.979,"deleteSelection",deleteSelection,1,EXACT,1,"Elimina esto",0.979,"deleteSelection",deleteSelection,EXACT,,,,,,,,,,,,,,,,,,,,,182.5
V017,data/audio_v2/V017.wav,"Quita esa frase.",deleteSelection,"",delete,"delete",1,"Quita esa frase",0.996,"deleteSelection",deleteSelection,1,EXACT,1,"Quita esa frase",0.996,"deleteSelection",deleteSelection,EXACT,,,,,,,,,,,,,,,,,,,,,183.1
V018,data/audio_v2/V018.wav,"Suprime el párrafo.",deleteSelection,"",delete,"delete",1,"Suprime el párrafo",0.992,"deleteSelection",deleteSelection,1,EXACT,1,"Suprime el párrafo",0.992,"deleteSelection",deleteSelection,EXACT,,,,,,,,,,,,,,,,,,,,,191.5
V019,data/audio_v2/V019.wav,"Tacha lo último.",deleteSelection,"",delete,"delete",1,"Tacha lo último",0.860,"deleteSelection",deleteSelection,1,EXACT,1,"Tacha lo último",0.860,"deleteSelection",deleteSelection,EXACT,,,,,,,,,,,,,,,,,,,,,182.1
V020,data/audio_v2/V020.wav,"Corta esta parte.",deleteSelection,"",delete,"delete",1,"Corta esa parte",0.981,"deleteSelection",deleteSelection,1,EXACT,1,"Corta esa parte",0.981,"deleteSelection",deleteSelection,EXACT,,,,,,,,,,,,,,,,,,,,,182.6
V021,data/audio_v2/V021.wav,"Descarta el borrador.",deleteSelection,"",delete,"delete",1,"Descarta el borrador",0.980,"deleteSelection",deleteSelection,1,EXACT,1,"Descarta el borrador",0.980,"deleteSelection",deleteSelection,EXACT,,,,,,,,,,,,,,,,,,,,,191.7
V022,data/audio_v2/V022.wav,"Bórralo.",deleteSelection,"",delete,"delete;short",1,"Bórralo",0.444,"deleteSelection",deleteSelection,1,EXACT,2,"Bórralo",0.444,"deleteSelection",deleteSelection,EXACT,"Borra",0.444,"deleteSelection",deleteSelection,EXACT,,,,,,,,,,,,,,,,172.7
V023,data/audio_v2/V023.wav,"Elimínalo.",deleteSelection,"",delete,"delete;short",1,"Elimina",0.957,"deleteSelection",deleteSelection,1,EXACT,1,"Elimina",0.957,"deleteSelection",deleteSelection,EXACT,,,,,,,,,,,,,,,,,,,,,172.7
V024,data/audio_v2/V024.wav,"Quítalo.",deleteSelection,"",delete,"delete;short",1,"Quítalo",0.994,"deleteSelection",deleteSelection,1,EXACT,1,"Quítalo",0.994,"deleteSelection",deleteSelection,EXACT,,,,,,,,,,,,,,,,,,,,,173.7
V025,data/audio_v2/V025.wav,"Reemplaza esta frase por Interacción Humano-Computadora.",replaceSelection,"Interacción Humano-Computadora",replace,"argument;replace",2,"Reemplaza esta frase por interacción humana computadora",0.722,"replaceSelection(""interacción humana computadora"")",replaceSelection,1,WRONG,0,,,,,,,,,,,,,,,,,,,,,,,,,,216.4
V026,data/audio_v2/V026.wav,"Sustituye la palabra por SwiftUI.",replaceSelection,"SwiftUI",replace,"argument;replace",1,"Sustituye la palabra por SwiftUI",0.839,"replaceSelection(""SwiftUI"")",replaceSelection,1,EXACT,1,"Sustituye la palabra por SwiftUI",0.839,"replaceSelection(""SwiftUI"")",replaceSelection,EXACT,,,,,,,,,,,,,,,,,,,,,277.9
V027,data/audio_v2/V027.wav,"Cambia la cita por Metodología.",replaceSelection,"Metodología",replace,"argument;replace",2,"Cambia la cita por metodología",0.989,"replaceSelection(""metodología"")",replaceSelection,1,CASE_ONLY_DIFFERENCE,0,,,,,,,,,,,,,,,,,,,,,,,,,,200.9
V028,data/audio_v2/V028.wav,"Troca esto por TDAH.",replaceSelection,"TDAH",replace,"argument;replace",1,"Troca esto por TDA",0.868,"replaceSelection(""TDA"")",replaceSelection,1,MINOR_STT_ERROR,1,"Troca esto por TDA",0.868,"replaceSelection(""TDA"")",replaceSelection,MINOR_STT_ERROR,,,,,,,,,,,,,,,,,,,,,203.9
V029,data/audio_v2/V029.wav,"Escribe Evaluación de IHC.",replaceSelection,"Evaluación de IHC",replace,"argument;replace",2,"Escribe evaluación de IHC",0.653,"replaceSelection(""evaluación de IHC"")",replaceSelection,1,CASE_ONLY_DIFFERENCE,0,,,,,,,,,,,,,,,,,,,,,,,,,,202.1
V030,data/audio_v2/V030.wav,"Pon Resultados 2026 donde dice borrador.",replaceSelection,"Resultados 2026",replace,"argument;replace",1,"Pon resultados 2026 donde dice borrador",0.993,"replaceSelection(""resultados 2026"")",replaceSelection,1,CASE_ONLY_DIFFERENCE,1,"Pon resultados 2026 donde dice borrador",0.993,"replaceSelection(""resultados 2026"")",replaceSelection,CASE_ONLY_DIFFERENCE,,,,,,,,,,,,,,,,,,,,,215.2
V031,data/audio_v2/V031.wav,"Pon Capítulo 3 tras la introducción.",replaceSelection,"Capítulo 3",replace,"argument;replace",1,"Pon capítulo tres tras la introducción",0.915,"replaceSelection(""capítulo tres"")",replaceSelection,1,WRONG,1,"Pon capítulo tres tras la introducción",0.915,"replaceSelection(""capítulo tres"")",replaceSelection,WRONG,,,,,,,,,,,,,,,,,,,,,206.4
V032,data/audio_v2/V032.wav,"Reemplázalo por accesibilidad cognitiva.",replaceSelection,"accesibilidad cognitiva",replace,"argument;replace",1,"Reemplázalo por accesibilidad cognitiva",0.988,"replaceSelection(""accesibilidad cognitiva"")",replaceSelection,1,EXACT,1,"Reemplázalo por accesibilidad cognitiva",0.988,"replaceSelection(""accesibilidad cognitiva"")",replaceSelection,EXACT,,,,,,,,,,,,,,,,,,,,,209.7
V033,data/audio_v2/V033.wav,"Sustitúyelo por María José.",replaceSelection,"María José",replace,"argument;replace",1,"Sustitúyelo por María José",0.967,"replaceSelection(""María José"")",replaceSelection,1,EXACT,1,"Sustitúyelo por María José",0.967,"replaceSelection(""María José"")",replaceSelection,EXACT,,,,,,,,,,,,,,,,,,,,,197.9
V034,data/audio_v2/V034.wav,"Cambia este término por IHC.",replaceSelection,"IHC",replace,"argument;replace",2,"Cambias de término por IHC",0.703,"unknown",unknown,0,WRONG,0,,,,,,,,,,,,,,,,,,,,,,,,,,204.0
V035,data/audio_v2/V035.wav,"Hazlo más breve.",rewriteSelection,"más breve",rewrite,"argument;rewrite;short",2,"Haz lo más breve",0.931,"rewriteSelection(""lo más breve"")",rewriteSelection,1,WRONG,0,,,,,,,,,,,,,,,,,,,,,,,,,,186.2
V036,data/audio_v2/V036.wav,"Haz esta parte más clara.",rewriteSelection,"más clara",rewrite,"argument;rewrite",2,"Haz esa parte más cara",0.561,"rewriteSelection(""esa parte más cara"")",rewriteSelection,1,WRONG,0,,,,,,,,,,,,,,,,,,,,,,,,,,196.0
V037,data/audio_v2/V037.wav,"Reescribe el párrafo completo.",rewriteSelection,"el párrafo completo",rewrite,"argument;rewrite",1,"Reescribe el párrafo completo",0.968,"rewriteSelection(""el párrafo completo"")",rewriteSelection,1,EXACT,1,"Reescribe el párrafo completo",0.968,"rewriteSelection(""el párrafo completo"")",rewriteSelection,EXACT,,,,,,,,,,,,,,,,,,,,,192.6
V038,data/audio_v2/V038.wav,"Reformula esto más formal.",rewriteSelection,"más formal",rewrite,"argument;rewrite",1,"Reformula esto más formal",0.839,"rewriteSelection(""más formal"")",rewriteSelection,1,EXACT,1,"Reformula esto más formal",0.839,"rewriteSelection(""más formal"")",rewriteSelection,EXACT,,,,,,,,,,,,,,,,,,,,,200.6
V039,data/audio_v2/V039.wav,"Hazla más accesible.",rewriteSelection,"más accesible",rewrite,"argument;rewrite",2,"Hazla más accesible",0.834,"rewriteSelection(""más accesible"")",rewriteSelection,1,EXACT,0,,,,,,,,,,,,,,,,,,,,,,,,,,194.5
V040,data/audio_v2/V040.wav,"Reescribe esto con otras palabras.",rewriteSelection,"con otras palabras",rewrite,"argument;rewrite",1,"Reescribe esto con otras palabras",0.965,"rewriteSelection(""con otras palabras"")",rewriteSelection,1,EXACT,1,"Reescribe esto con otras palabras",0.965,"rewriteSelection(""con otras palabras"")",rewriteSelection,EXACT,,,,,,,,,,,,,,,,,,,,,199.6
V041,data/audio_v2/V041.wav,"Hazlo en tono académico.",rewriteSelection,"en tono académico",rewrite,"argument;rewrite",1,"Hazlo en tono académico",0.976,"rewriteSelection(""en tono académico"")",rewriteSelection,1,EXACT,1,"Hazlo en tono académico",0.976,"rewriteSelection(""en tono académico"")",rewriteSelection,EXACT,,,,,,,,,,,,,,,,,,,,,189.5
V042,data/audio_v2/V042.wav,"Reformula la conclusión.",rewriteSelection,"la conclusión",rewrite,"argument;rewrite",1,"Reformula la conclusión",0.829,"rewriteSelection(""la conclusión"")",rewriteSelection,1,EXACT,1,"Reformula la conclusión",0.829,"rewriteSelection(""la conclusión"")",rewriteSelection,EXACT,,,,,,,,,,,,,,,,,,,,,188.7
V043,data/audio_v2/V043.wav,"Ponlo en negritas.",formatSelection:bold,"",format,"format;undo_redo_format",1,"Ponlo en negritas",0.937,"formatSelection(GrammarTest.FormatStyle.bold)",formatSelection:bold,1,EXACT,1,"Ponlo en negritas",0.937,"formatSelection(GrammarTest.FormatStyle.bold)",formatSelection:bold,EXACT,,,,,,,,,,,,,,,,,,,,,179.2
V044,data/audio_v2/V044.wav,"Ponlo en cursivas.",formatSelection:italic,"",format,"format",2,"Ponlo en cursivas",0.703,"formatSelection(GrammarTest.FormatStyle.italic)",formatSelection:italic,1,EXACT,0,,,,,,,,,,,,,,,,,,,,,,,,,,181.8
V045,data/audio_v2/V045.wav,"Subraya la cita.",formatSelection:underline,"",format,"format",1,"Subraya la cita",0.933,"formatSelection(GrammarTest.FormatStyle.underline)",formatSelection:underline,1,EXACT,1,"Subraya la cita",0.933,"formatSelection(GrammarTest.FormatStyle.underline)",formatSelection:underline,EXACT,,,,,,,,,,,,,,,,,,,,,190.8
V046,data/audio_v2/V046.wav,"Pon en negrita el título.",formatSelection:bold,"",format,"format",2,"Pone negrito el",0.264,"unknown",unknown,0,EXACT,0,,,,,,,,,,,,,,,,,,,,,,,,,,203.7
V047,data/audio_v2/V047.wav,"Pon en cursiva este párrafo.",formatSelection:italic,"",format,"format",3,"Pon en cursiva a este párrafo",0.757,"formatSelection(GrammarTest.FormatStyle.italic)",formatSelection:italic,1,EXACT,0,,,,,,,,,,,,,,,,,,,,,,,,,,196.4
V048,data/audio_v2/V048.wav,"Marca el texto en negritas.",formatSelection:bold,"",format,"format",4,"Marca el texto negrita",0.781,"formatSelection(GrammarTest.FormatStyle.bold)",formatSelection:bold,1,EXACT,0,,,,,,,,,,,,,,,,,,,,,,,,,,196.2
V049,data/audio_v2/V049.wav,"Aplica cursivas a la cita.",formatSelection:italic,"",format,"format",1,"Aplica cursivas a la cita",0.876,"formatSelection(GrammarTest.FormatStyle.italic)",formatSelection:italic,1,EXACT,1,"Aplica cursivas a la cita",0.876,"formatSelection(GrammarTest.FormatStyle.italic)",formatSelection:italic,EXACT,,,,,,,,,,,,,,,,,,,,,202.8
V050,data/audio_v2/V050.wav,"Deja el texto en cursiva.",formatSelection:italic,"",format,"format",1,"Deja el texto en cursiva",0.982,"formatSelection(GrammarTest.FormatStyle.italic)",formatSelection:italic,1,EXACT,1,"Deja el texto en cursiva",0.982,"formatSelection(GrammarTest.FormatStyle.italic)",formatSelection:italic,EXACT,,,,,,,,,,,,,,,,,,,,,194.3
V051,data/audio_v2/V051.wav,"Resalta el resultado.",formatSelection:bold,"",format,"format",1,"Resalta el resultado",0.988,"formatSelection(GrammarTest.FormatStyle.bold)",formatSelection:bold,1,EXACT,1,"Resalta el resultado",0.988,"formatSelection(GrammarTest.FormatStyle.bold)",formatSelection:bold,EXACT,,,,,,,,,,,,,,,,,,,,,190.6
V052,data/audio_v2/V052.wav,"Remarca la conclusión.",formatSelection:bold,"",format,"format",1,"Remarca la conclusión",0.982,"formatSelection(GrammarTest.FormatStyle.bold)",formatSelection:bold,1,EXACT,1,"Remarca la conclusión",0.982,"formatSelection(GrammarTest.FormatStyle.bold)",formatSelection:bold,EXACT,,,,,,,,,,,,,,,,,,,,,202.7
V053,data/audio_v2/V053.wav,"Ponlo en negrita.",formatSelection:bold,"",format,"format;short",1,"Ponlo en negrita",0.983,"formatSelection(GrammarTest.FormatStyle.bold)",formatSelection:bold,1,EXACT,1,"Ponlo en negrita",0.983,"formatSelection(GrammarTest.FormatStyle.bold)",formatSelection:bold,EXACT,,,,,,,,,,,,,,,,,,,,,184.6
V054,data/audio_v2/V054.wav,"Ponlo en cursiva.",formatSelection:italic,"",format,"format;short",1,"Ponlo en cursiva",0.934,"formatSelection(GrammarTest.FormatStyle.italic)",formatSelection:italic,1,EXACT,1,"Ponlo en cursiva",0.934,"formatSelection(GrammarTest.FormatStyle.italic)",formatSelection:italic,EXACT,,,,,,,,,,,,,,,,,,,,,183.3
V055,data/audio_v2/V055.wav,"Subráyalo.",formatSelection:underline,"",format,"format;short",1,"Subráyalo",0.929,"formatSelection(GrammarTest.FormatStyle.underline)",formatSelection:underline,1,EXACT,1,"Subráyalo",0.929,"formatSelection(GrammarTest.FormatStyle.underline)",formatSelection:underline,EXACT,,,,,,,,,,,,,,,,,,,,,179.1
V056,data/audio_v2/V056.wav,"Negritas.",formatSelection:bold,"",format,"format;short",1,"Negritas",0.985,"formatSelection(GrammarTest.FormatStyle.bold)",formatSelection:bold,1,EXACT,1,"Negritas",0.985,"formatSelection(GrammarTest.FormatStyle.bold)",formatSelection:bold,EXACT,,,,,,,,,,,,,,,,,,,,,176.6
V057,data/audio_v2/V057.wav,"Cursivas.",formatSelection:italic,"",format,"format;short",1,"Cursivas",0.952,"formatSelection(GrammarTest.FormatStyle.italic)",formatSelection:italic,1,EXACT,1,"Cursivas",0.952,"formatSelection(GrammarTest.FormatStyle.italic)",formatSelection:italic,EXACT,,,,,,,,,,,,,,,,,,,,,176.2
V058,data/audio_v2/V058.wav,"Subrayado.",formatSelection:underline,"",format,"format;short",1,"Subrayado",0.953,"formatSelection(GrammarTest.FormatStyle.underline)",formatSelection:underline,1,EXACT,1,"Subrayado",0.953,"formatSelection(GrammarTest.FormatStyle.underline)",formatSelection:underline,EXACT,,,,,,,,,,,,,,,,,,,,,177.8
V059,data/audio_v2/V059.wav,"Hazlo en negritas.",formatSelection:bold,"",format,"format",1,"Hazle negritas",0.960,"unknown",unknown,0,EXACT,1,"Hazle negritas",0.960,"unknown",unknown,EXACT,,,,,,,,,,,,,,,,,,,,,183.2
V060,data/audio_v2/V060.wav,"Pon la cita en cursivas.",formatSelection:italic,"",format,"format",1,"Pon la cita en cursivas",0.991,"formatSelection(GrammarTest.FormatStyle.italic)",formatSelection:italic,1,EXACT,1,"Pon la cita en cursivas",0.991,"formatSelection(GrammarTest.FormatStyle.italic)",formatSelection:italic,EXACT,,,,,,,,,,,,,,,,,,,,,194.6
V061,data/audio_v2/V061.wav,"Aplica el subrayado al párrafo.",formatSelection:underline,"",format,"format",1,"Aplica el subrayado al párrafo",0.922,"formatSelection(GrammarTest.FormatStyle.underline)",formatSelection:underline,1,EXACT,1,"Aplica el subrayado al párrafo",0.922,"formatSelection(GrammarTest.FormatStyle.underline)",formatSelection:underline,EXACT,,,,,,,,,,,,,,,,,,,,,198.4
V062,data/audio_v2/V062.wav,"Marca esta frase en cursiva.",formatSelection:italic,"",format,"format",1,"Marca esta frase en cursiva",0.911,"formatSelection(GrammarTest.FormatStyle.italic)",formatSelection:italic,1,EXACT,1,"Marca esta frase en cursiva",0.911,"formatSelection(GrammarTest.FormatStyle.italic)",formatSelection:italic,EXACT,,,,,,,,,,,,,,,,,,,,,197.7
V063,data/audio_v2/V063.wav,"Pon el título en negritas.",formatSelection:bold,"",format,"format",1,"Pon el título negrita",0.963,"formatSelection(GrammarTest.FormatStyle.bold)",formatSelection:bold,1,EXACT,1,"Pon el título negrita",0.963,"formatSelection(GrammarTest.FormatStyle.bold)",formatSelection:bold,EXACT,,,,,,,,,,,,,,,,,,,,,190.1
V064,data/audio_v2/V064.wav,"Resalta el título en negritas.",formatSelection:bold,"",format,"format",1,"Resalta el título negrita",0.971,"formatSelection(GrammarTest.FormatStyle.bold)",formatSelection:bold,1,EXACT,1,"Resalta el título negrita",0.971,"formatSelection(GrammarTest.FormatStyle.bold)",formatSelection:bold,EXACT,,,,,,,,,,,,,,,,,,,,,188.7
V065,data/audio_v2/V065.wav,"Deshaz.",undo,"",undo,"undo_redo;short",1,"Deshaz",0.782,"undo",undo,1,EXACT,1,"Deshaz",0.782,"undo",undo,EXACT,,,,,,,,,,,,,,,,,,,,,177.6
V066,data/audio_v2/V066.wav,"Deshaz eso.",undo,"",undo,"undo_redo;short",1,"Deshace eso",0.792,"unknown",unknown,0,EXACT,1,"Deshace eso",0.792,"unknown",unknown,EXACT,,,,,,,,,,,,,,,,,,,,,183.3
V067,data/audio_v2/V067.wav,"Deshazlo.",undo,"",undo,"undo_redo;short",1,"Deshaz hazlo",0.751,"undo",undo,1,EXACT,1,"Deshaz hazlo",0.751,"undo",undo,EXACT,,,,,,,,,,,,,,,,,,,,,178.3
V068,data/audio_v2/V068.wav,"Deshaz el último cambio.",undo,"",undo,"undo_redo",1,"Deshace el último cambio",0.909,"unknown",unknown,0,EXACT,1,"Deshace el último cambio",0.909,"unknown",unknown,EXACT,,,,,,,,,,,,,,,,,,,,,199.7
V069,data/audio_v2/V069.wav,"Vuelve atrás.",undo,"",undo,"undo_redo",1,"Vuelve atrás",0.989,"undo",undo,1,EXACT,1,"Vuelve atrás",0.989,"undo",undo,EXACT,,,,,,,,,,,,,,,,,,,,,186.4
V070,data/audio_v2/V070.wav,"Anula el último cambio.",undo,"",undo,"undo_redo",1,"Anula el último cambio",0.986,"undo",undo,1,EXACT,1,"Anula el último cambio",0.986,"undo",undo,EXACT,,,,,,,,,,,,,,,,,,,,,189.9
V071,data/audio_v2/V071.wav,"Cancela la edición.",undo,"",undo,"undo_redo",1,"Cancela la edición",0.974,"undo",undo,1,EXACT,1,"Cancela la edición",0.974,"undo",undo,EXACT,,,,,,,,,,,,,,,,,,,,,188.5
V072,data/audio_v2/V072.wav,"Revierte el cambio.",undo,"",undo,"undo_redo",1,"Revierte el cambio",0.982,"undo",undo,1,EXACT,1,"Revierte el cambio",0.982,"undo",undo,EXACT,,,,,,,,,,,,,,,,,,,,,194.9
V073,data/audio_v2/V073.wav,"Vuelve a como estaba.",undo,"",undo,"undo_redo",1,"Vuelve a como estaba",0.908,"undo",undo,1,EXACT,1,"Vuelve a como estaba",0.908,"undo",undo,EXACT,,,,,,,,,,,,,,,,,,,,,190.0
V074,data/audio_v2/V074.wav,"Regresa al borrador.",undo,"",undo,"undo_redo",2,"Regresa al borrador",0.734,"undo",undo,1,EXACT,0,,,,,,,,,,,,,,,,,,,,,,,,,,189.0
V075,data/audio_v2/V075.wav,"Restaura la edición.",undo,"",undo,"undo_redo",1,"Restaura la edición",0.972,"undo",undo,1,EXACT,1,"Restaura la edición",0.972,"undo",undo,EXACT,,,,,,,,,,,,,,,,,,,,,192.5
V076,data/audio_v2/V076.wav,"Échalo para atrás.",undo,"",undo,"undo_redo",1,"Échalo para atrás",0.870,"undo",undo,1,EXACT,1,"Échalo para atrás",0.870,"undo",undo,EXACT,,,,,,,,,,,,,,,,,,,,,183.7
V077,data/audio_v2/V077.wav,"Déjalo como estaba.",undo,"",undo,"undo_redo",1,"Déjalo como estaba",0.991,"undo",undo,1,EXACT,1,"Déjalo como estaba",0.991,"undo",undo,EXACT,,,,,,,,,,,,,,,,,,,,,190.5
V078,data/audio_v2/V078.wav,"Anula eso.",undo,"",undo,"undo_redo;short",1,"Anula eso",0.971,"undo",undo,1,EXACT,1,"Anula eso",0.971,"undo",undo,EXACT,,,,,,,,,,,,,,,,,,,,,182.8
V079,data/audio_v2/V079.wav,"Deshaz el cambio.",undo,"",undo,"undo_redo",2,"Deshaz el cambio",0.559,"undo",undo,1,EXACT,0,,,,,,,,,,,,,,,,,,,,,,,,,,195.1
V080,data/audio_v2/V080.wav,"Vuelve al estado anterior.",undo,"",undo,"undo_redo",1,"Vuelve al estado anterior",0.973,"undo",undo,1,EXACT,1,"Vuelve al estado anterior",0.973,"undo",undo,EXACT,,,,,,,,,,,,,,,,,,,,,222.5
V081,data/audio_v2/V081.wav,"Rehaz.",redo,"",redo,"undo_redo;short",1,"Rehaz",0.800,"redo",redo,1,EXACT,1,"Rehaz",0.800,"redo",redo,EXACT,,,,,,,,,,,,,,,,,,,,,189.8
V082,data/audio_v2/V082.wav,"Rehaz eso.",redo,"",redo,"undo_redo;short",1,"Reto",0.012,"unknown",unknown,0,EXACT,4,"Reto",0.012,"unknown",unknown,EXACT,"Rehaz esto",0.010,"redo",redo,EXACT,"Reta",0.004,"unknown",unknown,EXACT,"Re esto",0.010,"unknown",unknown,EXACT,,,,,,193.8
V083,data/audio_v2/V083.wav,"Rehazlo.",redo,"",redo,"undo_redo;short",1,"Fea hazlo",0.782,"unknown",unknown,0,EXACT,1,"Fea hazlo",0.782,"unknown",unknown,EXACT,,,,,,,,,,,,,,,,,,,,,187.0
V084,data/audio_v2/V084.wav,"Rehaz el último cambio.",redo,"",redo,"undo_redo",1,"Rehace el último cambio",0.871,"redo",redo,1,EXACT,1,"Rehace el último cambio",0.871,"redo",redo,EXACT,,,,,,,,,,,,,,,,,,,,,194.1
V085,data/audio_v2/V085.wav,"Vuelve a aplicar el cambio.",redo,"",redo,"undo_redo",1,"Vuelve a aplicar el cambio",0.958,"redo",redo,1,EXACT,1,"Vuelve a aplicar el cambio",0.958,"redo",redo,EXACT,,,,,,,,,,,,,,,,,,,,,194.1
V086,data/audio_v2/V086.wav,"Reaplica el formato.",redo,"",redo,"undo_redo",2,"Aplicar el formato",0.639,"unknown",unknown,0,EXACT,0,,,,,,,,,,,,,,,,,,,,,,,,,,195.9
V087,data/audio_v2/V087.wav,"Restaura lo deshecho.",redo,"",redo,"undo_redo",3,"Restaura lo deshecho",0.760,"redo",redo,1,EXACT,0,,,,,,,,,,,,,,,,,,,,,,,,,,205.9
V088,data/audio_v2/V088.wav,"Vuelve a poner el texto.",redo,"",redo,"undo_redo",1,"Vuelve a poner el texto",0.977,"redo",redo,1,EXACT,1,"Vuelve a poner el texto",0.977,"redo",redo,EXACT,,,,,,,,,,,,,,,,,,,,,191.0
V089,data/audio_v2/V089.wav,"Deshaz el deshacer.",redo,"",redo,"undo_redo",2,"Les haz el deshacer",0.401,"unknown",unknown,0,EXACT,0,,,,,,,,,,,,,,,,,,,,,,,,,,212.1
V090,data/audio_v2/V090.wav,"Repite el cambio deshecho.",redo,"",redo,"undo_redo",1,"Repite el cambio de desecho",0.902,"unknown",unknown,0,EXACT,1,"Repite el cambio de desecho",0.902,"unknown",unknown,EXACT,,,,,,,,,,,,,,,,,,,,,201.5
V091,data/audio_v2/V091.wav,"Rehaz el cambio.",redo,"",redo,"undo_redo",2,"Rehace el cambio",0.821,"redo",redo,1,EXACT,0,,,,,,,,,,,,,,,,,,,,,,,,,,199.2
V092,data/audio_v2/V092.wav,"Vuelve a aplicar la edición.",redo,"",redo,"undo_redo",1,"Vuelve a aplicar la edición",0.957,"redo",redo,1,EXACT,1,"Vuelve a aplicar la edición",0.957,"redo",redo,EXACT,,,,,,,,,,,,,,,,,,,,,204.1
V093,data/audio_v2/V093.wav,"Restaura lo que deshice.",redo,"",redo,"undo_redo",2,"Restaura lo que deshice",0.978,"redo",redo,1,EXACT,0,,,,,,,,,,,,,,,,,,,,,,,,,,210.6
V094,data/audio_v2/V094.wav,"Rehace el cambio.",redo,"",redo,"undo_redo",2,"Creas el cambio",0.657,"unknown",unknown,0,EXACT,0,,,,,,,,,,,,,,,,,,,,,,,,,,195.8
V095,data/audio_v2/V095.wav,"Rehaz la edición.",redo,"",redo,"undo_redo",1,"Rehaz la edición",0.846,"redo",redo,1,EXACT,1,"Rehaz la edición",0.846,"redo",redo,EXACT,,,,,,,,,,,,,,,,,,,,,190.3
V096,data/audio_v2/V096.wav,"Vuelve a aplicar eso.",redo,"",redo,"undo_redo;short",1,"Vuelve a aplicar eso",0.923,"redo",redo,1,EXACT,1,"Vuelve a aplicar eso",0.923,"redo",redo,EXACT,,,,,,,,,,,,,,,,,,,,,192.4
V097,data/audio_v2/V097.wav,"Busca TDAH.",findText,"TDAH",find,"argument;find_select",1,"Busca TDA",0.411,"findText(""TDA"")",findText,1,MINOR_STT_ERROR,3,"Busca TDA",0.411,"findText(""TDA"")",findText,MINOR_STT_ERROR,"Busca TD",0.390,"findText(""TD"")",findText,MINOR_STT_ERROR,"Busca PDA",0.410,"findText(""PDA"")",findText,MINOR_STT_ERROR,,,,,,,,,,,193.6
V098,data/audio_v2/V098.wav,"Encuentra IHC.",findText,"IHC",find,"argument;find_select",1,"Encuentra IHC",0.790,"findText(""IHC"")",findText,1,EXACT,1,"Encuentra IHC",0.790,"findText(""IHC"")",findText,EXACT,,,,,,,,,,,,,,,,,,,,,204.5
V099,data/audio_v2/V099.wav,"Localiza SwiftUI.",findText,"SwiftUI",find,"argument;find_select;short",1,"Localiza SwiftUI",0.860,"findText(""SwiftUI"")",findText,1,EXACT,1,"Localiza SwiftUI",0.860,"findText(""SwiftUI"")",findText,EXACT,,,,,,,,,,,,,,,,,,,,,206.2
V100,data/audio_v2/V100.wav,"Busca accesibilidad cognitiva.",findText,"accesibilidad cognitiva",find,"argument;find_select",1,"Busca accesibilidad cognitiva",0.972,"findText(""accesibilidad cognitiva"")",findText,1,EXACT,1,"Busca accesibilidad cognitiva",0.972,"findText(""accesibilidad cognitiva"")",findText,EXACT,,,,,,,,,,,,,,,,,,,,,197.3
V101,data/audio_v2/V101.wav,"Encuentra Metodología.",findText,"Metodología",find,"argument;find_select",2,"Encuentra Metodología",0.990,"findText(""Metodología"")",findText,1,EXACT,0,,,,,,,,,,,,,,,,,,,,,,,,,,197.8
V102,data/audio_v2/V102.wav,"Busca la palabra Evaluación de IHC.",findText,"Evaluación de IHC",find,"argument;find_select",1,"Busca la palabra evaluación de IHC",0.932,"findText(""evaluación de IHC"")",findText,1,CASE_ONLY_DIFFERENCE,1,"Busca la palabra evaluación de IHC",0.932,"findText(""evaluación de IHC"")",findText,CASE_ONLY_DIFFERENCE,,,,,,,,,,,,,,,,,,,,,213.9
V103,data/audio_v2/V103.wav,"Halla Capítulo 3.",findText,"Capítulo 3",find,"argument;find_select",2,"Haya capítulo tres",0.872,"unknown",unknown,0,WRONG,0,,,,,,,,,,,,,,,,,,,,,,,,,,199.5
V104,data/audio_v2/V104.wav,"Rastrea María José.",findText,"María José",find,"argument;find_select",2,"Rastrea a María José",0.622,"findText(""a María José"")",findText,1,WRONG,0,,,,,,,,,,,,,,,,,,,,,,,,,,201.1
V105,data/audio_v2/V105.wav,"Busca Interacción Humano-Computadora.",findText,"Interacción Humano-Computadora",find,"argument;find_select",1,"Busca interacción humana computadora",0.987,"findText(""interacción humana computadora"")",findText,1,WRONG,1,"Busca interacción humana computadora",0.987,"findText(""interacción humana computadora"")",findText,WRONG,,,,,,,,,,,,,,,,,,,,,216.6
V106,data/audio_v2/V106.wav,"Encuentra Resultados 2026.",findText,"Resultados 2026",find,"argument;find_select",1,"Encuentra resultados 2026",0.994,"findText(""resultados 2026"")",findText,1,CASE_ONLY_DIFFERENCE,1,"Encuentra resultados 2026",0.994,"findText(""resultados 2026"")",findText,CASE_ONLY_DIFFERENCE,,,,,,,,,,,,,,,,,,,,,215.9
V107,data/audio_v2/V107.wav,"Detecta la cita duplicada.",findText,"la cita duplicada",find,"argument;find_select",2,"Detecta la cita duplicada",0.985,"findText(""la cita duplicada"")",findText,1,EXACT,0,,,,,,,,,,,,,,,,,,,,,,,,,,203.2
V108,data/audio_v2/V108.wav,"Ubica el segundo párrafo.",findText,"el segundo párrafo",find,"argument;find_select",1,"Ubica el segundo párrafo",0.986,"findText(""el segundo párrafo"")",findText,1,EXACT,1,"Ubica el segundo párrafo",0.986,"findText(""el segundo párrafo"")",findText,EXACT,,,,,,,,,,,,,,,,,,,,,197.2
V109,data/audio_v2/V109.wav,"Selecciona el segundo párrafo.",selectText,"el segundo párrafo",select,"argument;find_select",1,"Selecciona el segundo párrafo",0.990,"selectText(""el segundo párrafo"")",selectText,1,EXACT,1,"Selecciona el segundo párrafo",0.990,"selectText(""el segundo párrafo"")",selectText,EXACT,,,,,,,,,,,,,,,,,,,,,208.8
V110,data/audio_v2/V110.wav,"Marca esta frase.",selectText,"esta frase",select,"argument;find_select",1,"Marca esta frase",0.978,"selectText(""esta frase"")",selectText,1,EXACT,1,"Marca esta frase",0.978,"selectText(""esta frase"")",selectText,EXACT,,,,,,,,,,,,,,,,,,,,,194.8
V111,data/audio_v2/V111.wav,"Elige accesibilidad.",selectText,"accesibilidad",select,"argument;find_select;short",1,"Elige accesibilidad",0.929,"selectText(""accesibilidad"")",selectText,1,EXACT,1,"Elige accesibilidad",0.929,"selectText(""accesibilidad"")",selectText,EXACT,,,,,,,,,,,,,,,,,,,,,197.0
V112,data/audio_v2/V112.wav,"Toma el Capítulo 3.",selectText,"el Capítulo 3",select,"argument;find_select",1,"Toma el capítulo tres",0.993,"selectText(""el capítulo tres"")",selectText,1,WRONG,1,"Toma el capítulo tres",0.993,"selectText(""el capítulo tres"")",selectText,WRONG,,,,,,,,,,,,,,,,,,,,,202.7
V113,data/audio_v2/V113.wav,"Señala la palabra TDAH.",selectText,"la palabra TDAH",select,"argument;find_select",1,"Señala la palabra TDA",0.641,"selectText(""la palabra TDA"")",selectText,1,MINOR_STT_ERROR,1,"Señala la palabra TDA",0.641,"selectText(""la palabra TDA"")",selectText,MINOR_STT_ERROR,,,,,,,,,,,,,,,,,,,,,201.9
V114,data/audio_v2/V114.wav,"Selecciona María José.",selectText,"María José",select,"argument;find_select",1,"Selecciona María José",0.931,"selectText(""María José"")",selectText,1,EXACT,1,"Selecciona María José",0.931,"selectText(""María José"")",selectText,EXACT,,,,,,,,,,,,,,,,,,,,,198.9
V115,data/audio_v2/V115.wav,"Marca IHC.",selectText,"IHC",select,"argument;find_select;short",1,"Marca IHC",0.690,"selectText(""IHC"")",selectText,1,EXACT,1,"Marca IHC",0.690,"selectText(""IHC"")",selectText,EXACT,,,,,,,,,,,,,,,,,,,,,235.4
V116,data/audio_v2/V116.wav,"Enfoca la conclusión.",selectText,"la conclusión",select,"argument;find_select",2,"Enfoca la conclusión",0.944,"selectText(""la conclusión"")",selectText,1,EXACT,0,,,,,,,,,,,,,,,,,,,,,,,,,,237.2
V117,data/audio_v2/V117.wav,"Aparta el párrafo duplicado.",selectText,"el párrafo duplicado",select,"argument;find_select",1,"Aparta el párrafo duplicado",0.975,"selectText(""el párrafo duplicado"")",selectText,1,EXACT,1,"Aparta el párrafo duplicado",0.975,"selectText(""el párrafo duplicado"")",selectText,EXACT,,,,,,,,,,,,,,,,,,,,,212.2
V118,data/audio_v2/V118.wav,"Delimita Evaluación de IHC.",selectText,"Evaluación de IHC",select,"argument;find_select",3,"Te limita evaluación de IH",0.671,"unknown",unknown,0,WRONG,0,,,,,,,,,,,,,,,,,,,,,,,,,,208.1
V119,data/audio_v2/V119.wav,"Guarda el documento.",saveDocument,"",save,"save_export",1,"Guarda el documento",0.992,"saveDocument",saveDocument,1,EXACT,1,"Guarda el documento",0.992,"saveDocument",saveDocument,EXACT,,,,,,,,,,,,,,,,,,,,,190.1
V120,data/audio_v2/V120.wav,"Archiva el informe.",saveDocument,"",save,"save_export",1,"Archiva el informe",0.963,"saveDocument",saveDocument,1,EXACT,1,"Archiva el informe",0.963,"saveDocument",saveDocument,EXACT,,,,,,,,,,,,,,,,,,,,,190.9
V121,data/audio_v2/V121.wav,"Guárdalo.",saveDocument,"",save,"save_export;short",1,"Guárdalo",0.958,"saveDocument",saveDocument,1,EXACT,1,"Guárdalo",0.958,"saveDocument",saveDocument,EXACT,,,,,,,,,,,,,,,,,,,,,179.8
V122,data/audio_v2/V122.wav,"Respalda el borrador.",saveDocument,"",save,"save_export",1,"Respalda el borrador",0.895,"saveDocument",saveDocument,1,EXACT,1,"Respalda el borrador",0.895,"saveDocument",saveDocument,EXACT,,,,,,,,,,,,,,,,,,,,,190.7
V123,data/audio_v2/V123.wav,"Preserva los cambios.",saveDocument,"",save,"save_export",1,"Preserva los cambios",0.993,"saveDocument",saveDocument,1,EXACT,1,"Preserva los cambios",0.993,"saveDocument",saveDocument,EXACT,,,,,,,,,,,,,,,,,,,,,194.7
V124,data/audio_v2/V124.wav,"Registra el acta.",saveDocument,"",save,"save_export",1,"Registra el acta",0.991,"saveDocument",saveDocument,1,EXACT,1,"Registra el acta",0.991,"saveDocument",saveDocument,EXACT,,,,,,,,,,,,,,,,,,,,,192.8
V125,data/audio_v2/V125.wav,"Abre el archivo anterior.",openDocument,"el archivo anterior",open,"argument;save_export",1,"Abre el archivo anterior",0.987,"openDocument(Optional(""el archivo anterior""))",openDocument,1,EXACT,1,"Abre el archivo anterior",0.987,"openDocument(Optional(""el archivo anterior""))",openDocument,EXACT,,,,,,,,,,,,,,,,,,,,,195.9
V126,data/audio_v2/V126.wav,"Recupera el acta vieja.",openDocument,"el acta vieja",open,"argument;save_export",3,"Recupera la acta vieja",0.871,"openDocument(Optional(""la acta vieja""))",openDocument,1,MINOR_STT_ERROR,0,,,,,,,,,,,,,,,,,,,,,,,,,,197.6
V127,data/audio_v2/V127.wav,"Ábrelo.",openDocument,"",open,"save_export;short",1,"Ábrelo",0.932,"openDocument(nil)",openDocument,1,EXACT,1,"Ábrelo",0.932,"openDocument(nil)",openDocument,EXACT,,,,,,,,,,,,,,,,,,,,,179.6
V128,data/audio_v2/V128.wav,"Carga el informe guardado.",openDocument,"el informe guardado",open,"argument;save_export",2,"Carga el informe guardado",0.881,"openDocument(Optional(""el informe guardado""))",openDocument,1,EXACT,0,,,,,,,,,,,,,,,,,,,,,,,,,,202.6
V129,data/audio_v2/V129.wav,"Muestra el Capítulo 3.",openDocument,"el Capítulo 3",open,"argument;save_export",1,"Muestra el capítulo tres",0.987,"openDocument(Optional(""el capítulo tres""))",openDocument,1,WRONG,1,"Muestra el capítulo tres",0.987,"openDocument(Optional(""el capítulo tres""))",openDocument,WRONG,,,,,,,,,,,,,,,,,,,,,188.3
V130,data/audio_v2/V130.wav,"Trae el documento de María José.",openDocument,"el documento de María José",open,"argument;save_export",1,"Trae el documento de María José",0.962,"openDocument(Optional(""el documento de María José""))",openDocument,1,EXACT,1,"Trae el documento de María José",0.962,"openDocument(Optional(""el documento de María José""))",openDocument,EXACT,,,,,,,,,,,,,,,,,,,,,198.4
V131,data/audio_v2/V131.wav,"Exporta a pdf.",exportDocument:pdf,"",export,"save_export;short",2,"Exporta pdf",0.887,"exportDocument(GrammarTest.ExportFormat.pdf)",exportDocument:pdf,1,EXACT,0,,,,,,,,,,,,,,,,,,,,,,,,,,194.2
V132,data/audio_v2/V132.wav,"Guarda una copia como pdf.",exportDocument:pdf,"",export,"save_export",1,"Guarda una copia como PDF",0.993,"exportDocument(GrammarTest.ExportFormat.pdf)",exportDocument:pdf,1,EXACT,1,"Guarda una copia como PDF",0.993,"exportDocument(GrammarTest.ExportFormat.pdf)",exportDocument:pdf,EXACT,,,,,,,,,,,,,,,,,,,,,199.9
V133,data/audio_v2/V133.wav,"Genera el documento en Word.",exportDocument:word,"",export,"save_export",1,"Genera el documento en Word",0.923,"exportDocument(GrammarTest.ExportFormat.word)",exportDocument:word,1,EXACT,1,"Genera el documento en Word",0.923,"exportDocument(GrammarTest.ExportFormat.word)",exportDocument:word,EXACT,,,,,,,,,,,,,,,,,,,,,195.5
V134,data/audio_v2/V134.wav,"Convierte a texto plano.",exportDocument:plainText,"",export,"save_export",2,"Convierte texto plano",0.935,"exportDocument(GrammarTest.ExportFormat.plainText)",exportDocument:plainText,1,EXACT,0,,,,,,,,,,,,,,,,,,,,,,,,,,194.5
V135,data/audio_v2/V135.wav,"Produce una versión en formato enriquecido.",exportDocument:richText,"",export,"save_export",1,"Produce una versión en formato enriquecido",0.975,"exportDocument(GrammarTest.ExportFormat.richText)",exportDocument:richText,1,EXACT,1,"Produce una versión en formato enriquecido",0.975,"exportDocument(GrammarTest.ExportFormat.richText)",exportDocument:richText,EXACT,,,,,,,,,,,,,,,,,,,,,206.0
V136,data/audio_v2/V136.wav,"Saca el acta en pdf.",exportDocument:pdf,"",export,"save_export",2,"Saca el acta en PDF",0.863,"exportDocument(GrammarTest.ExportFormat.pdf)",exportDocument:pdf,1,EXACT,0,,,,,,,,,,,,,,,,,,,,,,,,,,197.5
V137,data/audio_v2/V137.wav,"Imprime el documento.",unsupported,"",unsupported,"unsupported",1,"Imprime el documento",0.935,"unsupported(""Imprime el documento"")",unsupported,1,EXACT,1,"Imprime el documento",0.935,"unsupported(""Imprime el documento"")",unsupported,EXACT,,,,,,,,,,,,,,,,,,,,,198.6
V138,data/audio_v2/V138.wav,"Traduce este párrafo al inglés.",unsupported,"",unsupported,"unsupported",3,"Traduce este párrafo al inglés",0.639,"unsupported(""Traduce este párrafo al inglés"")",unsupported,1,EXACT,0,,,,,,,,,,,,,,,,,,,,,,,,,,198.6
V139,data/audio_v2/V139.wav,"Envía esto por correo.",unsupported,"",unsupported,"unsupported",1,"Envía esto por correo",0.979,"unsupported(""Envía esto por correo"")",unsupported,1,EXACT,1,"Envía esto por correo",0.979,"unsupported(""Envía esto por correo"")",unsupported,EXACT,,,,,,,,,,,,,,,,,,,,,188.7
V140,data/audio_v2/V140.wav,"Comprime el archivo final.",unsupported,"",unsupported,"unsupported",1,"Comprime el archivo final",0.983,"unsupported(""Comprime el archivo final"")",unsupported,1,EXACT,1,"Comprime el archivo final",0.983,"unsupported(""Comprime el archivo final"")",unsupported,EXACT,,,,,,,,,,,,,,,,,,,,,194.9
V141,data/audio_v2/V141.wav,"Cifra el informe confidencial.",unsupported,"",unsupported,"unsupported",1,"Cifra del informe confidencial",0.911,"unsupported(""Cifra del informe confidencial"")",unsupported,1,EXACT,1,"Cifra del informe confidencial",0.911,"unsupported(""Cifra del informe confidencial"")",unsupported,EXACT,,,,,,,,,,,,,,,,,,,,,195.1
V142,data/audio_v2/V142.wav,"Firma el acta.",unsupported,"",unsupported,"unsupported",2,"Firma la",0.764,"unsupported(""Firma la"")",unsupported,1,EXACT,0,,,,,,,,,,,,,,,,,,,,,,,,,,180.6
V143,data/audio_v2/V143.wav,"Comparte el borrador con el equipo.",unsupported,"",unsupported,"unsupported",1,"Comparte el borrador con el equipo",0.974,"unsupported(""Comparte el borrador con el equipo"")",unsupported,1,EXACT,1,"Comparte el borrador con el equipo",0.974,"unsupported(""Comparte el borrador con el equipo"")",unsupported,EXACT,,,,,,,,,,,,,,,,,,,,,198.6
V144,data/audio_v2/V144.wav,"Sube el documento a la nube.",unsupported,"",unsupported,"unsupported",1,"Sube el documento a la nube",0.980,"unsupported(""Sube el documento a la nube"")",unsupported,1,EXACT,1,"Sube el documento a la nube",0.980,"unsupported(""Sube el documento a la nube"")",unsupported,EXACT,,,,,,,,,,,,,,,,,,,,,195.8
V145,data/audio_v2/V145.wav,"Agenda una revisión para mañana.",unsupported,"",unsupported,"unsupported",1,"Agenda una revisión para mañana",0.978,"unsupported(""Agenda una revisión para mañana"")",unsupported,1,EXACT,1,"Agenda una revisión para mañana",0.978,"unsupported(""Agenda una revisión para mañana"")",unsupported,EXACT,,,,,,,,,,,,,,,,,,,,,196.7
V146,data/audio_v2/V146.wav,"Programa un recordatorio.",unsupported,"",unsupported,"unsupported",1,"Programa un recordatorio",0.991,"unsupported(""Programa un recordatorio"")",unsupported,1,EXACT,1,"Programa un recordatorio",0.991,"unsupported(""Programa un recordatorio"")",unsupported,EXACT,,,,,,,,,,,,,,,,,,,,,195.0
V147,data/audio_v2/V147.wav,"Dicta el siguiente párrafo.",unsupported,"",unsupported,"unsupported",2,"Dicta el siguiente parra",0.870,"unsupported(""Dicta el siguiente parra"")",unsupported,1,EXACT,0,,,,,,,,,,,,,,,,,,,,,,,,,,190.9
V148,data/audio_v2/V148.wav,"Lee el informe en voz alta.",unsupported,"",unsupported,"unsupported",1,"Lee el informe en voz al",0.875,"unsupported(""Lee el informe en voz al"")",unsupported,1,EXACT,1,"Lee el informe en voz al",0.875,"unsupported(""Lee el informe en voz al"")",unsupported,EXACT,,,,,,,,,,,,,,,,,,,,,195.3
V149,data/audio_v2/V149.wav,"Cuenta las palabras del texto.",unsupported,"",unsupported,"unsupported",1,"Cuenta las palabras del texto",0.942,"unsupported(""Cuenta las palabras del texto"")",unsupported,1,EXACT,1,"Cuenta las palabras del texto",0.942,"unsupported(""Cuenta las palabras del texto"")",unsupported,EXACT,,,,,,,,,,,,,,,,,,,,,198.0
V150,data/audio_v2/V150.wav,"Copia la selección.",unsupported,"",unsupported,"unsupported",1,"Copiar la selección",0.662,"unsupported(""Copiar la selección"")",unsupported,1,EXACT,1,"Copiar la selección",0.662,"unsupported(""Copiar la selección"")",unsupported,EXACT,,,,,,,,,,,,,,,,,,,,,192.0
V151,data/audio_v2/V151.wav,"Pega el contenido.",unsupported,"",unsupported,"unsupported",1,"Pega el contenido",0.991,"unsupported(""Pega el contenido"")",unsupported,1,EXACT,1,"Pega el contenido",0.991,"unsupported(""Pega el contenido"")",unsupported,EXACT,,,,,,,,,,,,,,,,,,,,,190.0
V152,data/audio_v2/V152.wav,"Cierra el documento.",unsupported,"",unsupported,"unsupported",1,"Cierra el documento",0.985,"unsupported(""Cierra el documento"")",unsupported,1,EXACT,1,"Cierra el documento",0.985,"unsupported(""Cierra el documento"")",unsupported,EXACT,,,,,,,,,,,,,,,,,,,,,201.4
V153,data/audio_v2/V153.wav,"Numera las páginas.",unsupported,"",unsupported,"unsupported",2,"Numera las páginas",0.904,"unsupported(""Numera las páginas"")",unsupported,1,EXACT,0,,,,,,,,,,,,,,,,,,,,,,,,,,199.5
V154,data/audio_v2/V154.wav,"Centra el título.",unsupported,"",unsupported,"unsupported",2,"Central título",0.932,"unknown",unknown,0,EXACT,0,,,,,,,,,,,,,,,,,,,,,,,,,,192.1
V155,data/audio_v2/V155.wav,"Escanea la página.",unsupported,"",unsupported,"unsupported",2,"Escanea la página",0.934,"unsupported(""Escanea la página"")",unsupported,1,EXACT,0,,,,,,,,,,,,,,,,,,,,,,,,,,188.7
V156,data/audio_v2/V156.wav,"Recorta la imagen.",unsupported,"",unsupported,"unsupported",1,"Recorta la imagen",0.971,"unsupported(""Recorta la imagen"")",unsupported,1,EXACT,1,"Recorta la imagen",0.971,"unsupported(""Recorta la imagen"")",unsupported,EXACT,,,,,,,,,,,,,,,,,,,,,189.8
V157,data/audio_v2/V157.wav,"Resume el informe.",unsupported,"",unsupported,"unsupported",1,"Resume el informe",0.992,"unsupported(""Resume el informe"")",unsupported,1,EXACT,1,"Resume el informe",0.992,"unsupported(""Resume el informe"")",unsupported,EXACT,,,,,,,,,,,,,,,,,,,,,243.9
V158,data/audio_v2/V158.wav,"Busca en internet.",unsupported,"",unsupported,"unsupported",1,"Busca en Internet",0.987,"unsupported(""Busca en Internet"")",unsupported,1,EXACT,1,"Busca en Internet",0.987,"unsupported(""Busca en Internet"")",unsupported,EXACT,,,,,,,,,,,,,,,,,,,,,207.3
V159,data/audio_v2/V159.wav,"Hmm, no estoy seguro.",unknown,"",unknown,"unknown",1,"No estoy",0.704,"unknown",unknown,1,EXACT,1,"No estoy",0.704,"unknown",unknown,EXACT,,,,,,,,,,,,,,,,,,,,,187.3
V160,data/audio_v2/V160.wav,"Déjame pensarlo un momento.",unknown,"",unknown,"unknown",1,"Déjame pensarlo un momento",0.940,"unknown",unknown,1,EXACT,1,"Déjame pensarlo un momento",0.940,"unknown",unknown,EXACT,,,,,,,,,,,,,,,,,,,,,189.1
V161,data/audio_v2/V161.wav,"Espera un segundo.",unknown,"",unknown,"unknown",0,"",,"unknown",unknown,1,EXACT,0,,,,,,,,,,,,,,,,,,,,,,,,,,162.7
V162,data/audio_v2/V162.wav,"La interacción humano computadora estudia sistemas.",unknown,"",unknown,"unknown",0,"",,"unknown",unknown,1,EXACT,0,,,,,,,,,,,,,,,,,,,,,,,,,,167.0
V163,data/audio_v2/V163.wav,"Hace calor aquí hoy.",unknown,"",unknown,"unknown",1,"Hace calor aquí hoy",0.993,"unknown",unknown,1,EXACT,1,"Hace calor aquí hoy",0.993,"unknown",unknown,EXACT,,,,,,,,,,,,,,,,,,,,,196.1
V164,data/audio_v2/V164.wav,"El informe quedó listo ayer.",unknown,"",unknown,"unknown",1,"El informe quedó listo ayer",0.993,"unknown",unknown,1,EXACT,1,"El informe quedó listo ayer",0.993,"unknown",unknown,EXACT,,,,,,,,,,,,,,,,,,,,,206.4
V165,data/audio_v2/V165.wav,"Traigo sueño.",unknown,"",unknown,"unknown",1,"Traigo sueño",0.975,"unknown",unknown,1,EXACT,1,"Traigo sueño",0.975,"unknown",unknown,EXACT,,,,,,,,,,,,,,,,,,,,,186.2
V166,data/audio_v2/V166.wav,"Se acabó la pila.",unknown,"",unknown,"unknown",1,"Se acabó la pila",0.898,"unknown",unknown,1,EXACT,1,"Se acabó la pila",0.898,"unknown",unknown,EXACT,,,,,,,,,,,,,,,,,,,,,185.6
V167,data/audio_v2/V167.wav,"No hay señal.",unknown,"",unknown,"unknown",1,"No hay señal",0.990,"unknown",unknown,1,EXACT,1,"No hay señal",0.990,"unknown",unknown,EXACT,,,,,,,,,,,,,,,,,,,,,178.6
V168,data/audio_v2/V168.wav,"Mañana hablamos del proyecto.",unknown,"",unknown,"unknown",1,"Mañana hablamos el proyecto",0.988,"unknown",unknown,1,EXACT,1,"Mañana hablamos el proyecto",0.988,"unknown",unknown,EXACT,,,,,,,,,,,,,,,,,,,,,191.0
V169,data/audio_v2/V169.wav,"Gracias por tu ayuda.",unknown,"",unknown,"unknown",1,"Gracias por tu ayuda",0.928,"unknown",unknown,1,EXACT,1,"Gracias por tu ayuda",0.928,"unknown",unknown,EXACT,,,,,,,,,,,,,,,,,,,,,179.0
V170,data/audio_v2/V170.wav,"¿Qué hora es?",unknown,"",unknown,"unknown",1,"Qué hora es",0.989,"unknown",unknown,1,EXACT,1,"Qué hora es",0.989,"unknown",unknown,EXACT,,,,,,,,,,,,,,,,,,,,,174.2
V171,data/audio_v2/V171.wav,"Ayer llovió mucho.",unknown,"",unknown,"unknown",2,"Ay te llovió mucho",0.652,"unknown",unknown,1,EXACT,0,,,,,,,,,,,,,,,,,,,,,,,,,,270.2
V172,data/audio_v2/V172.wav,"El gerente cambió al proveedor.",unknown,"",unknown,"unknown",3,"El gerente cambió el proveedor",0.875,"unknown",unknown,1,EXACT,0,,,,,,,,,,,,,,,,,,,,,,,,,,191.6
V173,data/audio_v2/V173.wav,"Borrar información accidentalmente afecta.",unknown,"",unknown,"unknown",1,"Borra información accidentalmente afecta",0.985,"deleteSelection",deleteSelection,0,EXACT,1,"Borra información accidentalmente afecta",0.985,"deleteSelection",deleteSelection,EXACT,,,,,,,,,,,,,,,,,,,,,225.6
V174,data/audio_v2/V174.wav,"Qué buen café.",unknown,"",unknown,"unknown",1,"Qué buen café",0.982,"unknown",unknown,1,EXACT,1,"Qué buen café",0.982,"unknown",unknown,EXACT,,,,,,,,,,,,,,,,,,,,,180.2
V175,data/audio_v2/V175.wav,"Pues eso creo.",unknown,"",unknown,"unknown",1,"Pues eso creo",0.992,"unknown",unknown,1,EXACT,1,"Pues eso creo",0.992,"unknown",unknown,EXACT,,,,,,,,,,,,,,,,,,,,,181.6
V176,data/audio_v2/V176.wav,"Encuéntralo.",unknown,"",unknown,"unknown",1,"Encuéntralo",0.988,"unknown",unknown,1,EXACT,1,"Encuéntralo",0.988,"unknown",unknown,EXACT,,,,,,,,,,,,,,,,,,,,,177.7
V177,data/audio_v2/V177.wav,"Selecciónalo.",unknown,"",unknown,"unknown",1,"Selecciona",0.859,"unknown",unknown,1,EXACT,3,"Selecciona",0.859,"unknown",unknown,EXACT,"Selecciónala",0.177,"unknown",unknown,EXACT,"Seleccionar",0.070,"unknown",unknown,EXACT,,,,,,,,,,,185.3
V178,data/audio_v2/V178.wav,"El acta está sobre la mesa.",unknown,"",unknown,"unknown",3,"El acta está sobre la mesa",0.922,"unknown",unknown,1,EXACT,0,,,,,,,,,,,,,,,,,,,,,,,,,,199.2
V179,data/audio_v2/V179.wav,"Hoy es un buen día.",unknown,"",unknown,"unknown",1,"Hoy es un buen día",0.991,"unknown",unknown,1,EXACT,1,"Hoy es un buen día",0.991,"unknown",unknown,EXACT,,,,,,,,,,,,,,,,,,,,,188.0
V180,data/audio_v2/V180.wav,"Nos vemos mañana.",unknown,"",unknown,"unknown",1,"Nos vemos mañana",0.979,"unknown",unknown,1,EXACT,1,"Nos vemos mañana",0.979,"unknown",unknown,EXACT,,,,,,,,,,,,,,,,,,,,,196.0
