paso,modo,instruccion
L01,normal,"Cambia el encabezado a Metodología."
L02,normal,"Borra la selección."
L03,normal,"Ponlo en negritas."
L04,normal,"Deshaz el cambio."
L05,normal,"Busca TDAH."
L06,normal,"Guarda el documento."
L07,normal,"Rehaz el cambio."
L08,normal,"Selecciona el segundo párrafo."
L09,normal,"Exporta a pdf."
L10,normal,"Sustituye la palabra por SwiftUI."
L11,normal,"Abre el archivo anterior."
L12,normal,"Ponlo en cursivas."
L13,normal,"Vuelve atrás."
L14,normal,"Encuentra Metodología."
L15,normal,"Titula el informe."
L16,normal,"Subraya la cita."
L17,normal,"Archiva el informe."
L18,normal,"Reaplica el formato."
L19,normal,"Trae el documento de María José."
L20,normal,"Convierte a texto plano."
L21,repeat,"Deshaz eso. (presiona r y repite el comando)"
L22,repeat,"Rehazlo. (presiona r y repite el comando)"
L23,repeat,"Pon en negrita el título. (presiona r y repite el comando)"
L24,repeat,"Busca accesibilidad cognitiva. (presiona r y repite el comando)"
L25,repeat,"Cambia el nombre a IHC. (presiona r y repite el comando)"
L26,cancel,"Borra la selección. (presiona esc para cancelar)"
L27,cancel,"Cambia el encabezado a Borrador. (presiona esc para cancelar)"
L28,cancel,"Exporta a pdf. (presiona esc para cancelar)"
L29,cancel,"Imprime el documento. (unsupported: presiona esc)"
L30,cancel,"Hmm, no estoy seguro. (unknown: presiona esc)"
