paso,modo,instruccion,transcript,proposal,decision,riesgo,stt_ms,proposal_ms,decision_ms,total_ms,diag_conf,diag_alts
L01,normal,"Cambia el encabezado a Metodología.","Cambia el encabezado a metodología","executed(GrammarTest.CommandProposal(transcript: ""Cambia el encabezado a metodología"", command: GrammarTest.ParsedCommand.renameTitle(""metodología""), effectDescription: ""Cambiar título:\n\""Proyecto\""\n→\n\""metodología\"""", risk: GrammarTest.CommandRisk.contentChanging))",confirm,,506,507,7739,8246,,
L02,normal,"Borra la selección.","Borra la selección","executed(GrammarTest.CommandProposal(transcript: ""Borra la selección"", command: GrammarTest.ParsedCommand.deleteSelection, effectDescription: ""Eliminar selección:\n\""Metodología y resultados sobre TDAH e IHC.\"""", risk: GrammarTest.CommandRisk.contentChanging))",confirm,,224,224,3010,3234,,
L03,normal,"Ponlo en negritas.","Ponlo en negritas","listening(attempt: 4)",repeat,,225,225,11259,11484,,
L04,normal,"Deshaz el cambio.","Deshace el cambio","listening(attempt: 6)",repeat,,228,229,2257,2486,,
L05,normal,"Busca TDAH.","Busca TTAH","listening(attempt: 8)",repeat,,294,294,3802,4096,,
L06,normal,"Guarda el documento.","Guarda el documento","executed(GrammarTest.CommandProposal(transcript: ""Guarda el documento"", command: GrammarTest.ParsedCommand.saveDocument, effectDescription: ""Guardar documento"", risk: GrammarTest.CommandRisk.externalSideEffect))",confirm,,223,223,1392,1615,,
L07,normal,"Rehaz el cambio.","Rehaz el cambio","invalidContext(GrammarTest.CommandProposal(transcript: ""Rehaz el cambio"", command: GrammarTest.ParsedCommand.redo, effectDescription: ""Rehacer último cambio"", risk: GrammarTest.CommandRisk.reversible), reason: ""Nada que rehacer."")",confirm,,230,230,1399,1629,,
L08,normal,"Selecciona el segundo párrafo.","Selecciona el segundo","executed(GrammarTest.CommandProposal(transcript: ""Selecciona el segundo"", command: GrammarTest.ParsedCommand.selectText(""el segundo""), effectDescription: ""Seleccionar:\n\""el segundo\"""", risk: GrammarTest.CommandRisk.navigation))",confirm,,246,246,3414,3660,,
L09,normal,"Exporta a pdf.","Exporta pdf","executed(GrammarTest.CommandProposal(transcript: ""Exporta pdf"", command: GrammarTest.ParsedCommand.exportDocument(GrammarTest.ExportFormat.pdf), effectDescription: ""Exportar como PDF"", risk: GrammarTest.CommandRisk.externalSideEffect))",confirm,,222,223,1862,2084,,
L10,normal,"Sustituye la palabra por SwiftUI.","Sustituye la palabra por SwiftUI","invalidContext(GrammarTest.CommandProposal(transcript: ""Sustituye la palabra por SwiftUI"", command: GrammarTest.ParsedCommand.replaceSelection(""SwiftUI""), effectDescription: ""Reemplazar:\n\""\""\n→\n\""SwiftUI\"""", risk: GrammarTest.CommandRisk.contentChanging), reason: ""No hay texto seleccionado."")",confirm,,281,281,2821,3103,,
L11,normal,"Abre el archivo anterior.","Abre el archivo anterior","executed(GrammarTest.CommandProposal(transcript: ""Abre el archivo anterior"", command: GrammarTest.ParsedCommand.openDocument(Optional(""el archivo anterior"")), effectDescription: ""Abrir:\n\""el archivo anterior\"""", risk: GrammarTest.CommandRisk.externalSideEffect))",confirm,,225,225,962,1187,,
L12,normal,"Ponlo en cursivas.","Ponlo en cursiva","invalidContext(GrammarTest.CommandProposal(transcript: ""Ponlo en cursiva"", command: GrammarTest.ParsedCommand.formatSelection(GrammarTest.FormatStyle.italic), effectDescription: ""Aplicar cursiva a:\n\""\"""", risk: GrammarTest.CommandRisk.reversible), reason: ""No hay texto seleccionado."")",confirm,,228,228,2182,2410,,
L13,normal,"Vuelve atrás.","Vuelve atrás","executed(GrammarTest.CommandProposal(transcript: ""Vuelve atrás"", command: GrammarTest.ParsedCommand.undo, effectDescription: ""Deshacer último cambio"", risk: GrammarTest.CommandRisk.reversible))",confirm,,219,219,1071,1290,,
L14,normal,"Encuentra Metodología.","Encuentra Metodología","executed(GrammarTest.CommandProposal(transcript: ""Encuentra Metodología"", command: GrammarTest.ParsedCommand.findText(""Metodología""), effectDescription: ""Buscar:\n\""Metodología\"""", risk: GrammarTest.CommandRisk.navigation))",confirm,,222,222,2212,2433,,
L15,normal,"Titula el informe.","Titula el informe","executed(GrammarTest.CommandProposal(transcript: ""Titula el informe"", command: GrammarTest.ParsedCommand.renameTitle(""el informe""), effectDescription: ""Cambiar título:\n\""metodología\""\n→\n\""el informe\"""", risk: GrammarTest.CommandRisk.contentChanging))",confirm,,224,224,2437,2661,,
L16,normal,"Subraya la cita.","Subraya la cita","executed(GrammarTest.CommandProposal(transcript: ""Subraya la cita"", command: GrammarTest.ParsedCommand.formatSelection(GrammarTest.FormatStyle.underline), effectDescription: ""Aplicar subrayado a:\n\""Metodología y resultados sobre TDAH e IHC.\"""", risk: GrammarTest.CommandRisk.reversible))",confirm,,226,226,2131,2357,,
L17,normal,"Archiva el informe.","Archiva el informe","executed(GrammarTest.CommandProposal(transcript: ""Archiva el informe"", command: GrammarTest.ParsedCommand.saveDocument, effectDescription: ""Guardar documento"", risk: GrammarTest.CommandRisk.externalSideEffect))",confirm,,209,209,1286,1495,,
L18,normal,"Reaplica el formato.","Replicar formato","notUnderstood",confirm,,224,224,3182,3406,,
L19,normal,"Trae el documento de María José.","Trae el documento de María José","executed(GrammarTest.CommandProposal(transcript: ""Trae el documento de María José"", command: GrammarTest.ParsedCommand.openDocument(Optional(""el documento de María José"")), effectDescription: ""Abrir:\n\""el documento de María José\"""", risk: GrammarTest.CommandRisk.externalSideEffect))",confirm,,216,216,1557,1774,,
L20,normal,"Convierte a texto plano.","Convierte texto plano","executed(GrammarTest.CommandProposal(transcript: ""Convierte texto plano"", command: GrammarTest.ParsedCommand.exportDocument(GrammarTest.ExportFormat.plainText), effectDescription: ""Exportar como texto plano"", risk: GrammarTest.CommandRisk.externalSideEffect))",confirm,,230,230,1429,1659,,
L21,repeat,"Deshaz eso. (presiona r y repite el comando)","Deshaz esa","listening(attempt: 25)",repeat,,237,237,3570,3807,,
L22,repeat,"Rehazlo. (presiona r y repite el comando)","Crea haz hazlo","notUnderstood",confirm,,259,259,1240,1499,,
L23,repeat,"Pon en negrita el título. (presiona r y repite el comando)","Pone negrita el título","listening(attempt: 28)",repeat,,238,238,2502,2739,,
L24,repeat,"Busca accesibilidad cognitiva. (presiona r y repite el comando)","Busca accesibilidad cognitiva","executed(GrammarTest.CommandProposal(transcript: ""Busca accesibilidad cognitiva"", command: GrammarTest.ParsedCommand.findText(""accesibilidad cognitiva""), effectDescription: ""Buscar:\n\""accesibilidad cognitiva\"""", risk: GrammarTest.CommandRisk.navigation))",confirm,,240,240,952,1191,,
L25,repeat,"Cambia el nombre a IHC. (presiona r y repite el comando)","Cambia el nombre a IHC","executed(GrammarTest.CommandProposal(transcript: ""Cambia el nombre a IHC"", command: GrammarTest.ParsedCommand.renameTitle(""IHC""), effectDescription: ""Cambiar título:\n\""el informe\""\n→\n\""IHC\"""", risk: GrammarTest.CommandRisk.contentChanging))",confirm,,237,237,1931,2168,,
L26,cancel,"Borra la selección. (presiona esc para cancelar)","Borra la selección","executed(GrammarTest.CommandProposal(transcript: ""Borra la selección"", command: GrammarTest.ParsedCommand.deleteSelection, effectDescription: ""Eliminar selección:\n\""Metodología y resultados sobre TDAH e IHC.\"""", risk: GrammarTest.CommandRisk.contentChanging))",confirm,,228,228,3561,3790,,
L27,cancel,"Cambia el encabezado a Borrador. (presiona esc para cancelar)","Cambia el encabezado borrador","listening(attempt: 33)",repeat,,245,245,3251,3496,,
L28,cancel,"Exporta a pdf. (presiona esc para cancelar)","Exporta pdf","executed(GrammarTest.CommandProposal(transcript: ""Exporta pdf"", command: GrammarTest.ParsedCommand.exportDocument(GrammarTest.ExportFormat.pdf), effectDescription: ""Exportar como PDF"", risk: GrammarTest.CommandRisk.externalSideEffect))",confirm,,248,248,648,895,,
L29,cancel,"Imprime el documento. (unsupported: presiona esc)","Imprime el documento","unsupported(""Imprime el documento"")",confirm,,226,226,3345,3571,,
L30,cancel,"Hmm, no estoy seguro. (unknown: presiona esc)","Sí","notUnderstood",confirm,,240,240,1389,1630,,
