trial,command,transcript,parsedCommand,policy,editorStateBefore,proposal,decision,editorStateAfter,result,stt_ms,proposal_ms,decision_ms,execution_ms,total_ms
N01,nav,"Busca Metodología.","findText('Metodología')",immediate,"len=219 sel=220,0 title=Proyecto","","auto","len=219 sel=59,11 title=Proyecto","success(GrammarTest.RealEditorEffect.found({59, 11}))",0,3.712,0.034,0.000,4.009
N02,nav,"Encuentra TDAH.","findText('TDAH')",immediate,"len=219 sel=220,0 title=Proyecto","","auto","len=219 sel=26,4 title=Proyecto","success(GrammarTest.RealEditorEffect.found({26, 4}))",0,0.059,0.014,0.000,0.116
N03,nav,"Busca evaluación.","findText('evaluación')",immediate,"len=219 sel=220,0 title=Proyecto","","auto","len=219 sel=74,10 title=Proyecto","success(GrammarTest.RealEditorEffect.found({74, 10}))",0,0.082,0.013,0.000,0.130
N04,nav,"Localiza inexistente-zz.","findText('inexistente-zz')",immediate,"len=219 sel=220,0 title=Proyecto","","auto","len=219 sel=220,0 title=Proyecto","noMatch('inexistente-zz')",0,0.010,0.012,0.000,0.049
N05,nav,"Selecciona María-José.","selectText('María-José')",immediate,"len=219 sel=220,0 title=Proyecto","","auto","len=219 sel=87,10 title=Proyecto","success(GrammarTest.RealEditorEffect.selected({87, 10}))",0,0.056,0.014,0.000,0.112
N06,nav,"Marca TDAH.","selectText('TDAH')",immediate,"len=219 sel=220,0 title=Proyecto","","auto","len=219 sel=26,4 title=Proyecto","success(GrammarTest.RealEditorEffect.selected({26, 4}))",0,0.041,0.013,0.000,0.085
N07,nav,"Elige IHC.","selectText('IHC')",immediate,"len=219 sel=220,0 title=Proyecto","","auto","len=219 sel=106,3 title=Proyecto","success(GrammarTest.RealEditorEffect.selected({106, 3}))",0,0.054,0.012,0.000,0.093
N08,nav,"Selecciona TDAH.","selectText('TDAH')",immediate,"len=269 sel=270,0 title=Proyecto","","auto","len=269 sel=26,4 title=Proyecto","success(GrammarTest.RealEditorEffect.selected({26, 4}))",0,0.147,0.018,0.000,0.193
U01,rev,"Deshaz el cambio.","undo",confirm,"len=215 sel=0,0 title=Proyecto","↶ Deshacer: Typing","enter","len=219 sel=0,0 title=Proyecto","success(GrammarTest.RealEditorEffect.undone(label: 'Typing'))",0,0.009,0.041,0.028,0.073
U02,rev,"Anula el último cambio.","undo",confirm,"len=216 sel=0,0 title=Proyecto","↶ Deshacer: Typing","enter","len=219 sel=0,0 title=Proyecto","success(GrammarTest.RealEditorEffect.undone(label: 'Typing'))",0,0.007,0.028,0.017,0.071
U03,rev,"Vuelve atrás.","undo",confirm,"len=208 sel=0,0 title=Proyecto","↶ Deshacer: Typing","enter","len=219 sel=0,0 title=Proyecto","success(GrammarTest.RealEditorEffect.undone(label: 'Typing'))",0,0.007,0.026,0.015,0.053
R01,rev,"Rehaz el cambio.","redo",confirm,"len=219 sel=0,0 title=Proyecto","↷ Rehacer: Typing","enter","len=215 sel=0,0 title=Proyecto","success(GrammarTest.RealEditorEffect.redone(label: 'Typing'))",0,0.008,0.028,0.017,0.053
R02,rev,"Restaura lo deshecho.","redo",confirm,"len=219 sel=0,0 title=Proyecto","↷ Rehacer: Typing","enter","len=216 sel=0,0 title=Proyecto","success(GrammarTest.RealEditorEffect.redone(label: 'Typing'))",0,0.008,0.029,0.018,0.057
R03,rev,"Vuelve a poner el texto.","redo",confirm,"len=219 sel=0,0 title=Proyecto","↷ Rehacer: Typing","enter","len=208 sel=0,0 title=Proyecto","success(GrammarTest.RealEditorEffect.redone(label: 'Typing'))",0,0.008,0.031,0.018,0.072
F01,rev,"Ponlo en negritas.","formatSelection(GrammarTest.FormatStyle.bold)",confirm,"len=219 sel=26,4 title=Proyecto","Aplicar negritas a: / 'TDAH'","enter","len=223 sel=34,0 title=Proyecto","success(GrammarTest.RealEditorEffect.formatted(GrammarTest.FormatStyle.bold))",0,0.031,0.264,0.252,0.312
F02,rev,"Ponlo en cursivas.","formatSelection(GrammarTest.FormatStyle.italic)",confirm,"len=219 sel=106,3 title=Proyecto","Aplicar cursiva a: / 'IHC'","enter","len=221 sel=111,0 title=Proyecto","success(GrammarTest.RealEditorEffect.formatted(GrammarTest.FormatStyle.italic))",0,0.081,0.218,0.207,0.316
D01,content,"Borra la selección.","deleteSelection",confirm,"len=219 sel=26,4 title=Proyecto","Eliminar: / 'TDAH'","enter","len=215 sel=26,0 title=Proyecto","success(GrammarTest.RealEditorEffect.deleted(text: 'TDAH'))",0,0.029,0.091,0.080,0.141
D02,content,"Elimínalo.","deleteSelection",confirm,"len=219 sel=106,3 title=Proyecto","Eliminar: / 'IHC'","enter","len=216 sel=106,0 title=Proyecto","success(GrammarTest.RealEditorEffect.deleted(text: 'IHC'))",0,0.076,0.151,0.139,0.243
D03,content,"Quita esto.","deleteSelection",confirm,"len=219 sel=59,11 title=Proyecto","Eliminar: / 'Metodología'","enter","len=208 sel=59,0 title=Proyecto","success(GrammarTest.RealEditorEffect.deleted(text: 'Metodología'))",0,0.051,0.117,0.105,0.184
P01,content,"Sustituye la palabra por SwiftUI.","replaceSelection('SwiftUI')",confirm,"len=219 sel=26,4 title=Proyecto","Reemplazar: / 'TDAH' / → / 'SwiftUI'","enter","len=222 sel=33,0 title=Proyecto","success(GrammarTest.RealEditorEffect.replaced(old: 'TDAH', new: 'SwiftUI'))",0,0.029,0.113,0.101,0.166
P02,content,"Reemplázalo por atención.","replaceSelection('atención')",confirm,"len=219 sel=106,3 title=Proyecto","Reemplazar: / 'IHC' / → / 'atención'","enter","len=224 sel=114,0 title=Proyecto","success(GrammarTest.RealEditorEffect.replaced(old: 'IHC', new: 'atención'))",0,0.081,0.184,0.172,0.283
P03,content,"Escribe Evaluación de IHC.","replaceSelection('Evaluación de IHC')",confirm,"len=219 sel=26,4 title=Proyecto","Reemplazar: / 'TDAH' / → / 'Evaluación de IHC'","enter","len=232 sel=43,0 title=Proyecto","success(GrammarTest.RealEditorEffect.replaced(old: 'TDAH', new: 'Evaluación de IHC'))",0,0.026,0.110,0.099,0.155
T01,content,"Cambia el encabezado a Metodología.","renameTitle('Metodología')",confirm,"len=219 sel=220,0 title=Proyecto","Cambiar título: / 'Proyecto' / → / 'Metodología'","enter","len=219 sel=220,0 title=Metodología","success(GrammarTest.RealEditorEffect.titleChanged(old: 'Proyecto', new: 'Metodología'))",0,0.006,0.044,0.033,0.073
T02,content,"Pon como título IHC 2026.","renameTitle('IHC 2026')",confirm,"len=219 sel=220,0 title=Proyecto","Cambiar título: / 'Proyecto' / → / 'IHC 2026'","enter","len=219 sel=220,0 title=IHC 2026","success(GrammarTest.RealEditorEffect.titleChanged(old: 'Proyecto', new: 'IHC 2026'))",0,0.006,0.022,0.011,0.054
T03,content,"Bautiza el informe como María José.","renameTitle('María José')",confirm,"len=219 sel=220,0 title=Proyecto","Cambiar título: / 'Proyecto' / → / 'María José'","enter","len=219 sel=220,0 title=María José","success(GrammarTest.RealEditorEffect.titleChanged(old: 'Proyecto', new: 'María José'))",0,0.007,0.031,0.018,0.069
W01,content,"Hazlo más breve.","rewriteSelection('más breve')",confirm,"len=219 sel=26,4 title=Proyecto","Reescribir selección / Instrucción: / 'más breve' / Texto: / 'TDAH'","enter","len=219 sel=26,4 title=Proyecto","simulated(GrammarTest.RealRewriteRequest(selectedText: 'TDAH', instruction: 'más breve', range: {26, 4}, revision: 0))",0,0.027,0.049,0.037,0.094
W02,content,"Reformula esto más formal.","rewriteSelection('más formal')",confirm,"len=219 sel=106,3 title=Proyecto","Reescribir selección / Instrucción: / 'más formal' / Texto: / 'IHC'","enter","len=219 sel=106,3 title=Proyecto","simulated(GrammarTest.RealRewriteRequest(selectedText: 'IHC', instruction: 'más formal', range: {106, 3}, revision: 0))",0,0.071,0.100,0.088,0.190
W03,content,"Hazla más accesible.","rewriteSelection('más accesible')",confirm,"len=219 sel=59,11 title=Proyecto","Reescribir selección / Instrucción: / 'más accesible' / Texto: / 'Metodología'","enter","len=219 sel=59,11 title=Proyecto","simulated(GrammarTest.RealRewriteRequest(selectedText: 'Metodología', instruction: 'más accesible', range: {59, 11}, revision: 0))",0,0.047,0.068,0.056,0.131
S01,external,"Guarda el documento.","saveDocument",confirm,"len=219 sel=220,0 title=Proyecto","Guardar documento 'Proyecto'","enter","len=219 sel=220,0 title=Proyecto","success(GrammarTest.RealEditorEffect.saved(file:///var/folders/mn/fl52npmd1vv4mkhz1g219cgm0000gn/T/real11-FF0F6F64-0FBC-43A2-81DD-0A030B13F293/fixture.md))",0,0.006,0.550,0.540,0.597
S02,external,"Archiva el informe.","saveDocument",confirm,"len=219 sel=220,0 title=Proyecto","Guardar documento 'Proyecto'","enter","len=219 sel=220,0 title=Proyecto","success(GrammarTest.RealEditorEffect.saved(file:///var/folders/mn/fl52npmd1vv4mkhz1g219cgm0000gn/T/real11-D322C7C6-93D2-447B-A6FD-23604C3AF46F/fixture.md))",0,0.006,0.194,0.184,0.233
S03,external,"Respalda el borrador.","saveDocument",confirm,"len=219 sel=220,0 title=Proyecto","Guardar documento 'Proyecto'","enter","len=219 sel=220,0 title=Proyecto","success(GrammarTest.RealEditorEffect.saved(file:///var/folders/mn/fl52npmd1vv4mkhz1g219cgm0000gn/T/real11-EF5F6DA6-2382-43C0-9E4B-6C81FB1FF57D/fixture.md))",0,0.006,0.186,0.176,0.217
S04,external,"Guarda el documento.","saveDocument",confirm,"len=219 sel=220,0 title=Proyecto","Guardar documento 'Proyecto'","enter","len=219 sel=220,0 title=Proyecto","success(GrammarTest.RealEditorEffect.saved(file:///var/folders/mn/fl52npmd1vv4mkhz1g219cgm0000gn/T/real11-6FB35E2D-32E4-446A-809D-E22C250ACBE9/fixture.md))",0,0.006,0.183,0.174,0.221
O01,external,"Recupera el acta vieja.","openDocument(Optional('el acta vieja'))",confirm,"len=219 sel=220,0 title=Proyecto","Abrir: / 'el acta vieja'","enter","len=26 sel=26,0 title=Proyecto","success(GrammarTest.RealEditorEffect.opened(name: 'el acta vieja'))",0,0.007,0.234,0.223,0.275
O02,external,"Abre el informe.","openDocument(Optional('el informe'))",confirm,"len=219 sel=220,0 title=Proyecto","Abrir: / 'el informe'","enter","len=23 sel=23,0 title=Proyecto","success(GrammarTest.RealEditorEffect.opened(name: 'el informe'))",0,0.006,0.142,0.131,0.176
E01,external,"Genera el documento en texto plano.","exportDocument(GrammarTest.ExportFormat.plainText)",confirm,"len=219 sel=220,0 title=Proyecto","Exportar como texto plano","enter","len=219 sel=220,0 title=Proyecto","success(GrammarTest.RealEditorEffect.exported(GrammarTest.ExportFormat.plainText, file:///var/folders/mn/fl52npmd1vv4mkhz1g219cgm0000gn/T/real11-E2D3AB02-5D93-4AE9-A830-8239C777700C/fixture.txt))",0,0.006,0.164,0.154,0.205
E02,external,"Exporta en formato enriquecido.","exportDocument(GrammarTest.ExportFormat.richText)",confirm,"len=219 sel=220,0 title=Proyecto","Exportar como texto enriquecido","enter","len=219 sel=220,0 title=Proyecto","success(GrammarTest.RealEditorEffect.exported(GrammarTest.ExportFormat.richText, file:///var/folders/mn/fl52npmd1vv4mkhz1g219cgm0000gn/T/real11-35C7C4B3-6FA8-46CE-97D6-3D356C4F4462/fixture.rtf))",0,0.006,0.907,0.897,0.946
