paso,modo,instruccion,expected,speech_start,speech_end,transcript_final,proposal_shown,decision,action_completed,command,risk,policy,stt_ms,proposal_generation_ms,decision_ms,execution_ms,total_ms,correct_effect
R01,normal,"Busca TDAH.",findText,2026-09-23T06:30:23.657Z,2026-09-23T06:30:27.811Z,"Busca TDAH","✓ Encontrado: ""TDAH""",auto,executed,"findText(""TDAH"")",navigation,immediate,541,0.238,0,0,542,n/a
R02,normal,"Encuentra IHC.",findText,2026-09-23T06:30:32.381Z,2026-09-23T06:30:35.235Z,"Encuentra IHC","✓ Encontrado: ""IHC""",auto,executed,"findText(""IHC"")",navigation,immediate,259,0.084,0,0,260,n/a
R03,normal,"Localiza SwiftUI.",findText,2026-09-23T06:30:38.258Z,2026-09-23T06:30:41.007Z,"Localiza SwiftUI","✓ Encontrado: ""SwiftUI""",auto,executed,"findText(""SwiftUI"")",navigation,immediate,247,0.071,0,0,247,n/a
R04,normal,"Marca esta frase.",selectText,2026-09-23T06:30:45.037Z,2026-09-23T06:30:47.576Z,"Marca esta frase","✓ Seleccionado: """"",auto,executed,"selectText(""esta frase"")",navigation,immediate,233,0.092,0,0,233,n/a
R05,normal,"Elige accesibilidad.",selectText,2026-09-23T06:30:49.844Z,2026-09-23T06:30:52.789Z,"Elige accesibilidad","✓ Seleccionado: """"",auto,executed,"selectText(""accesibilidad"")",navigation,immediate,237,0.086,0,0,237,n/a
R06,normal,"Busca la palabra Evaluación de IHC.",findText,2026-09-23T06:30:57.333Z,2026-09-23T06:31:02.017Z,"Busca la palabra evaluación de IHC","✓ Encontrado: ""evaluación de IHC""",auto,executed,"findText(""evaluación de IHC"")",navigation,immediate,267,0.108,0,0,267,n/a
R07,normal,"Selecciona María José.",selectText,2026-09-23T06:31:04.820Z,2026-09-23T06:31:07.523Z,"Selecciona María José","✓ Seleccionado: """"",auto,executed,"selectText(""María José"")",navigation,immediate,228,0.092,0,0,228,n/a
R08,normal,"Halla Capítulo 3.",findText,2026-09-23T06:31:09.791Z,2026-09-23T06:31:12.120Z,"Haya capítulo tres","No entendí el comando.",repeat,"listening-repeat","unknown",,,222,0.106,5500,0.007,5722,n/a
R09,normal,"Detecta la cita duplicada.",findText,2026-09-23T06:31:20.927Z,2026-09-23T06:31:24.870Z,"Detecta la cita duplicada","✓ Encontrado: ""la cita duplicada""",auto,executed,"findText(""la cita duplicada"")",navigation,immediate,250,0.077,0,0,250,n/a
R10,normal,"Toma el Capítulo 3.",selectText,2026-09-23T06:31:27.108Z,2026-09-23T06:31:29.668Z,"","No entendí el comando.",confirm,"notUnderstood","unknown",,,230,0.004,19157,0.005,19388,n/a
R11,normal,"Deshaz.",undo,2026-09-23T06:31:51.912Z,2026-09-23T06:31:53.812Z,"Deshaz","Nada que deshacer.",confirm,"invalidContext(GrammarTest.CommandProposal(transcript: ""Deshaz"", command: GrammarTest.ParsedCommand.undo, effectDescription: ""Deshacer último cambio"", risk: GrammarTest.CommandRisk.reversible), reason: ""Nada que deshacer."")","invalidContext",,,226,0.045,8203,0.006,8429,n/a
R12,normal,"Rehaz.",redo,2026-09-23T06:32:03.466Z,2026-09-23T06:32:05.124Z,"Feas","No entendí el comando.",repeat,"listening-repeat","unknown",,,246,0.057,2204,0.006,2450,n/a
R13,normal,"Anula el último cambio.",undo,2026-09-23T06:32:08.951Z,2026-09-23T06:32:11.235Z,"Anula el último cambio","Nada que deshacer.",confirm,"invalidContext(GrammarTest.CommandProposal(transcript: ""Anula el último cambio"", command: GrammarTest.ParsedCommand.undo, effectDescription: ""Deshacer último cambio"", risk: GrammarTest.CommandRisk.reversible), reason: ""Nada que deshacer."")","invalidContext",,,222,0.089,2929,0.006,3151,n/a
R14,normal,"Reaplica el formato.",redo,2026-09-23T06:32:15.783Z,2026-09-23T06:32:17.925Z,"Re aplicar el formato","No entendí el comando.",repeat,"listening-repeat","unknown",,,216,0.067,1600,0.008,1816,n/a
R15,normal,"Ponlo en negrita.",formatSelection,2026-09-23T06:32:20.596Z,2026-09-23T06:32:22.368Z,"Ponlo en negrita","No hay texto seleccionado.",repeat,"listening-repeat","invalidContext",,,217,0.043,1660,0.009,1877,n/a
R16,normal,"Vuelve atrás.",undo,2026-09-23T06:32:25.664Z,2026-09-23T06:32:27.738Z,"Vuelve atrás","Nada que deshacer.",repeat,"listening-repeat","invalidContext",,,221,0.059,1289,0.013,1510,n/a
R17,normal,"Restaura lo deshecho.",redo,2026-09-23T06:32:30.521Z,2026-09-23T06:32:33.968Z,"Restaura lo desecho","Nada que deshacer.",repeat,"listening-repeat","invalidContext",,,249,0.051,947,0.010,1196,n/a
R18,normal,"Aplica cursivas a la cita.",formatSelection,2026-09-23T06:32:37.679Z,2026-09-23T06:32:40.683Z,"Aplica cursivas a la cita","No hay texto seleccionado.",repeat,"listening-repeat","invalidContext",,,236,0.048,946,0.009,1183,n/a
R19,normal,"Vuelve a aplicar el cambio.",redo,2026-09-23T06:32:42.831Z,2026-09-23T06:32:45.528Z,"Vuelve a aplicar el cambio","Nada que rehacer.",repeat,"listening-repeat","invalidContext",,,225,0.057,904,0.008,1129,n/a
R20,normal,"Subráyalo.",formatSelection,2026-09-23T06:32:48.108Z,2026-09-23T06:32:49.649Z,"Subráyalo","No hay texto seleccionado.",repeat,"listening-repeat","invalidContext",,,211,0.042,1254,0.013,1466,n/a
R21,normal,"Cambia el título a Claridad.",renameTitle,2026-09-23T06:32:53.735Z,2026-09-23T06:32:56.091Z,"Cambia el título a claridad","Cambiar título: / ""Proyecto"" / → / ""claridad""",confirm,"executed","renameTitle(""claridad"")",contentChanging,confirm,229,0.067,1712,0.086,1941,yes
R22,normal,"Bórralo.",deleteSelection,2026-09-23T06:32:58.931Z,2026-09-23T06:33:00.389Z,"Bórralo","No hay texto seleccionado.",repeat,"listening-repeat","invalidContext",,,209,0.048,1320,0.017,1530,n/a
R23,normal,"Reemplaza esto por Diseño centrado.",replaceSelection,2026-09-23T06:33:03.636Z,2026-09-23T06:33:07.767Z,"Reemplaza esto por diseño concentrado","No hay texto seleccionado.",confirm,"invalidContext(GrammarTest.CommandProposal(transcript: ""Reemplaza esto por diseño concentrado"", command: GrammarTest.ParsedCommand.replaceSelection(""diseño concentrado""), effectDescription: ""Reemplazar:\n\""\""\n→\n\""diseño concentrado\"""", risk: GrammarTest.CommandRisk.contentChanging), reason: ""No hay texto seleccionado."")","invalidContext",,,248,0.065,3628,0.008,3877,n/a
R24,normal,"Hazlo más corto.",rewriteSelection,2026-09-23T06:33:13.702Z,2026-09-23T06:33:15.418Z,"Hazlo más","No hay texto seleccionado.",confirm,"invalidContext(GrammarTest.CommandProposal(transcript: ""Hazlo más"", command: GrammarTest.ParsedCommand.rewriteSelection(""más""), effectDescription: ""Reescribir selección\nInstrucción:\n\""más\"""", risk: GrammarTest.CommandRisk.contentChanging), reason: ""No hay texto seleccionado."")","invalidContext",,,214,0.049,1919,0.008,2134,n/a
R25,normal,"Ponle Metodología al capítulo dos.",renameTitle,2026-09-23T06:33:18.552Z,2026-09-23T06:33:21.814Z,"Ponle la metodología al capítulo dos","Cambiar título: / ""claridad"" / → / ""la metodología""",confirm,"executed","renameTitle(""la metodología"")",contentChanging,confirm,246,0.073,4081,0.021,4327,yes
R26,normal,"Elimina la selección.",deleteSelection,2026-09-23T06:33:27.291Z,2026-09-23T06:33:29.437Z,"Elimina la sección","No hay texto seleccionado.",confirm,"invalidContext(GrammarTest.CommandProposal(transcript: ""Elimina la sección"", command: GrammarTest.ParsedCommand.deleteSelection, effectDescription: ""Eliminar selección:\n\""\"""", risk: GrammarTest.CommandRisk.contentChanging), reason: ""No hay texto seleccionado."")","invalidContext",,,224,0.059,1915,0.005,2140,n/a
R27,normal,"Escribe Evaluación de IHC.",replaceSelection,2026-09-23T06:33:32.685Z,2026-09-23T06:33:35.450Z,"Escribe evaluación de IH","No hay texto seleccionado.",confirm,"invalidContext(GrammarTest.CommandProposal(transcript: ""Escribe evaluación de IH"", command: GrammarTest.ParsedCommand.replaceSelection(""evaluación de IH""), effectDescription: ""Reemplazar:\n\""\""\n→\n\""evaluación de IH\"""", risk: GrammarTest.CommandRisk.contentChanging), reason: ""No hay texto seleccionado."")","invalidContext",,,232,0.060,2970,0.007,3202,n/a
R28,normal,"Reescribe el párrafo completo.",rewriteSelection,2026-09-23T06:33:39.904Z,2026-09-23T06:33:42.173Z,"Reescribe el párrafo","No hay texto seleccionado.",repeat,"listening-repeat","invalidContext",,,227,0.053,1549,0.013,1775,n/a
R29,normal,"Troca esto por TDAH.",replaceSelection,2026-09-23T06:33:45.655Z,2026-09-23T06:33:48.023Z,"Troca esto por TDA","No hay texto seleccionado.",repeat,"listening-repeat","invalidContext",,,232,0.043,1363,0.012,1595,n/a
R30,normal,"Cambia esta palabra por dificultades.",replaceSelection,2026-09-23T06:33:50.685Z,2026-09-23T06:33:53.585Z,"Cambia esta palabra por dificultades","No hay texto seleccionado.",repeat,"listening-repeat","invalidContext",,,233,0.069,875,0.008,1109,n/a
R31,normal,"Guarda el documento.",saveDocument,2026-09-23T06:33:55.805Z,2026-09-23T06:33:57.401Z,"Guarda el documento","Guardar documento",confirm,"executed","saveDocument",externalSideEffect,confirm,209,0.076,1537,0.013,1746,yes
R32,normal,"Abre el archivo anterior.",openDocument,2026-09-23T06:34:00.844Z,2026-09-23T06:34:03.230Z,"Abre el archivo anterior","Abrir: / ""el archivo anterior""",confirm,"executed","openDocument(Optional(""el archivo anterior""))",externalSideEffect,confirm,224,0.067,1440,0.015,1664,yes
R33,normal,"Exporta a pdf.",exportDocument,2026-09-23T06:34:05.733Z,2026-09-23T06:34:08.249Z,"Exporta pdf","Exportar como PDF",confirm,"executed","exportDocument(GrammarTest.ExportFormat.pdf)",externalSideEffect,confirm,226,0.061,931,0.014,1157,yes
R34,normal,"Genera el documento en Word.",exportDocument,2026-09-23T06:34:11.014Z,2026-09-23T06:34:13.690Z,"Genera el documento en Word","Exportar como Word",confirm,"executed","exportDocument(GrammarTest.ExportFormat.word)",externalSideEffect,confirm,228,0.070,1224,0.016,1453,yes
R35,normal,"Guárdalo.",saveDocument,2026-09-23T06:34:16.943Z,2026-09-23T06:34:18.159Z,"Guárdalo","Guardar documento",confirm,"executed","saveDocument",externalSideEffect,confirm,206,0.063,741,0.015,947,yes
R36,error,"Deshaz eso. (si sale mal, repite con r)",undo,2026-09-23T06:34:20.365Z,2026-09-23T06:34:22.695Z,"Deshaz esta","✓ Deshecho — ⌘Z adicional disponible si aplica",auto,executed,"undo",reversible,immediate,229,0.064,0,0,229,n/a
R37,error,"Rehazlo. (si sale mal, repite con r)",redo,2026-09-23T06:34:29.029Z,2026-09-23T06:34:30.814Z,"Re hazlo","No entendí el comando.",repeat,"listening-repeat","unknown",,,239,0.055,1670,0.006,1909,n/a
R38,error,"Centra el título. (unsupported esperado)",unsupported,2026-09-23T06:34:35.889Z,2026-09-23T06:34:37.801Z,"Central título","No entendí el comando.",confirm,"notUnderstood","unknown",,,216,0.070,2465,0.005,2681,n/a
R39,error,"Borrar información accidentalmente afecta. (unknown esperado)",unknown,2026-09-23T06:34:42.559Z,2026-09-23T06:34:46.378Z,"Borra información accidentalmente afecta","No hay texto seleccionado.",repeat,"listening-repeat","invalidContext",,,252,0.072,3438,0.011,3690,n/a
R40,error,"Pon en negrita el título. (si sale mal, repite con r)",formatSelection,2026-09-23T06:34:52.672Z,2026-09-23T06:34:55.327Z,"Pon negrito el título","No hay texto seleccionado.",repeat,"listening-repeat","invalidContext",,,241,0.057,2226,0.013,2467,n/a
