paso,grupo,instruccion,expected,fixture,speech_start,speech_end,transcript_final,proposal_shown,decision,action_completed,command,risk,policy,context_valid_before,auto_executed,confirmed,repeated,effect_correct,stt_ms,proposal_generation_ms,decision_ms,execution_ms,total_ms
C01,navigation,"Busca TDAH.",findText,navigation,2026-09-23T15:46:21.373Z,2026-09-23T15:46:24.359Z,"Busca TDAH","✓ Encontrado: ""TDAH""",auto,executed,"findText(""TDAH"")",navigation,immediate,1,1,0,0,yes,497,0.238,0,0,497
C02,navigation,"Encuentra IHC.",findText,navigation,2026-09-23T15:46:26.666Z,2026-09-23T15:46:29.576Z,"Encuentra IHC","✓ Encontrado: ""IHC""",auto,executed,"findText(""IHC"")",navigation,immediate,1,1,0,0,yes,275,0.075,0,0,275
C03,navigation,"Busca accesibilidad cognitiva.",findText,navigation,2026-09-23T15:46:31.255Z,2026-09-23T15:46:34.781Z,"Busca accesibilidad cognitiva","✓ Encontrado: ""accesibilidad cognitiva""",auto,executed,"findText(""accesibilidad cognitiva"")",navigation,immediate,1,1,0,0,yes,240,0.086,0,0,241
C04,navigation,"Localiza SwiftUI.",findText,navigation,2026-09-23T15:46:36.188Z,2026-09-23T15:46:39.520Z,"Localiza SwiftUI","✓ Encontrado: ""SwiftUI""",auto,executed,"findText(""SwiftUI"")",navigation,immediate,1,1,0,0,yes,293,0.075,0,0,293
C05,navigation,"Halla Capítulo 3.",findText,navigation,2026-09-23T15:46:40.709Z,2026-09-23T15:46:44.822Z,"Haya capítulo tres","No entendí el comando.",repeat,"listening-repeat","unknown",,,1,0,0,1,no,258,0.108,3431,0.010,3689
C06,navigation,"Detecta la cita duplicada.",findText,navigation,2026-09-23T15:46:50.211Z,2026-09-23T15:46:52.855Z,"Detecta la cita duplicada","✓ Encontrado: ""la cita duplicada""",auto,executed,"findText(""la cita duplicada"")",navigation,immediate,1,1,0,0,yes,227,0.081,0,0,227
C07,navigation,"Marca esta frase.",selectText,navigation,2026-09-23T15:46:54.515Z,2026-09-23T15:46:57.028Z,"Marca esta frase","✓ Seleccionado: """"",auto,executed,"selectText(""esta frase"")",navigation,immediate,1,1,0,0,yes,228,0.095,0,0,229
C08,navigation,"Selecciona María José.",selectText,navigation,2026-09-23T15:46:58.349Z,2026-09-23T15:47:01.254Z,"Selecciona María José","✓ Seleccionado: ""María José""",auto,executed,"selectText(""María José"")",navigation,immediate,1,1,0,0,yes,231,0.093,0,0,231
C09,navigation,"Elige accesibilidad.",selectText,navigation,2026-09-23T15:47:03.064Z,2026-09-23T15:47:05.630Z,"Elige accesibilidad","✓ Seleccionado: ""accesibilidad""",auto,executed,"selectText(""accesibilidad"")",navigation,immediate,1,1,0,0,yes,228,0.081,0,0,228
C10,navigation,"Toma el Capítulo 3.",selectText,navigation,2026-09-23T15:47:06.891Z,2026-09-23T15:47:09.341Z,"Toma el capítulo tres","✓ Seleccionado: """"",auto,executed,"selectText(""el capítulo tres"")",navigation,immediate,1,1,0,0,yes,226,0.096,0,0,226
C11,navigation,"Enfoca la conclusión.",selectText,navigation,2026-09-23T15:47:11.319Z,2026-09-23T15:47:13.441Z,"Enfoca la conclusión","✓ Seleccionado: """"",auto,executed,"selectText(""la conclusión"")",navigation,immediate,1,1,0,0,yes,216,0.095,0,0,216
C12,navigation,"Aparta el párrafo duplicado.",selectText,navigation,2026-09-23T15:47:15.233Z,2026-09-23T15:47:17.898Z,"Aparta el párrafo duplicado","✓ Seleccionado: """"",auto,executed,"selectText(""el párrafo duplicado"")",navigation,immediate,1,1,0,0,yes,228,0.103,0,0,228
C13,reversible,"Deshaz.",undo,undo,2026-09-23T15:47:19.038Z,2026-09-23T15:47:20.652Z,"Deshaz","Deshacer último cambio",confirm,"executed","undo",reversible,confirm,1,0,1,0,yes,231,0.044,1917,0.047,2148
C14,reversible,"Vuelve atrás.",undo,undo,2026-09-23T15:47:24.204Z,2026-09-23T15:47:25.805Z,"Vuelve atrás","Deshacer último cambio",confirm,"executed","undo",reversible,confirm,1,0,1,0,yes,209,0.056,2605,0.033,2814
C15,reversible,"Anula el último cambio.",undo,undo,2026-09-23T15:47:29.310Z,2026-09-23T15:47:31.538Z,"Anula el último cambio","Deshacer último cambio",confirm,"executed","undo",reversible,confirm,1,0,1,0,yes,221,0.088,1006,0.029,1227
C16,reversible,"Revierte el cambio.",undo,undo,2026-09-23T15:47:33.803Z,2026-09-23T15:47:36.157Z,"Revierte el cambio","Deshacer último cambio",confirm,"executed","undo",reversible,confirm,1,0,1,0,yes,220,0.059,1151,0.023,1371
C17,reversible,"Rehaz.",redo,redo,2026-09-23T15:47:38.247Z,2026-09-23T15:47:40.276Z,"Creas","No entendí el comando.",repeat,"listening-repeat","unknown",,,1,0,0,1,no,261,0.055,3134,0.009,3395
C18,reversible,"Vuelve a aplicar el cambio.",redo,redo,2026-09-23T15:47:44.514Z,2026-09-23T15:47:47.217Z,"Vuelve a aplicar el cambio","Rehacer último cambio",confirm,"executed","redo",reversible,confirm,1,0,1,0,yes,229,0.056,1081,0.034,1310
C19,reversible,"Reaplica el formato.",redo,redo,2026-09-23T15:47:49.253Z,2026-09-23T15:47:51.641Z,"Reaplica el formato","Rehacer último cambio",confirm,"executed","redo",reversible,confirm,1,0,1,0,yes,234,0.048,1023,0.025,1257
C20,reversible,"Restaura lo deshecho.",redo,redo,2026-09-23T15:47:53.636Z,2026-09-23T15:47:56.142Z,"Restaura los desechos","Deshacer último cambio",confirm,"executed","undo",reversible,confirm,1,0,1,0,no,228,0.053,746,0.024,974
C21,reversible,"Ponlo en negrita.",formatSelection,format,2026-09-23T15:47:57.867Z,2026-09-23T15:47:59.963Z,"Ponlo en negrita","Aplicar negritas a: / ""accesibilidad cognitiva""",confirm,"executed","formatSelection(GrammarTest.FormatStyle.bold)",reversible,confirm,1,0,1,0,no,216,0.044,1158,0.066,1374
C22,reversible,"Ponlo en cursivas.",formatSelection,format,2026-09-23T15:48:01.983Z,2026-09-23T15:48:04.174Z,"Ponlo en cursivas","Aplicar cursiva a: / ""Capítulo 3""",confirm,"executed","formatSelection(GrammarTest.FormatStyle.italic)",reversible,confirm,1,0,1,0,no,217,0.043,841,0.025,1059
C23,reversible,"Subráyalo.",formatSelection,format,2026-09-23T15:48:05.798Z,2026-09-23T15:48:07.549Z,"Subráyalo","Aplicar subrayado a: / ""María José""",confirm,"executed","formatSelection(GrammarTest.FormatStyle.underline)",reversible,confirm,1,0,1,0,no,209,0.042,614,0.031,823
C24,reversible,"Aplica subrayado al párrafo.",formatSelection,format,2026-09-23T15:48:10.297Z,2026-09-23T15:48:13.555Z,"Aplicas párrafo subrayado","No entendí el comando.",repeat,"listening-repeat","unknown",,,1,0,0,1,no,246,0.077,1671,0.007,1917
