id,seg_index,range_start_s,range_dur_s,top_transcript,top_confidence,top_canon,alt_count,seg_alt_1_transcript,seg_alt_1_confidence,seg_alt_1_canon,seg_alt_2_transcript,seg_alt_2_confidence,seg_alt_2_canon,seg_alt_3_transcript,seg_alt_3_confidence,seg_alt_3_canon,seg_alt_4_transcript,seg_alt_4_confidence,seg_alt_4_canon,seg_alt_5_transcript,seg_alt_5_confidence,seg_alt_5_canon
V001,0,0.480,1.290,"Cambia el encabezado ",0.700,unsupported,2,"Cambia el encabezado ",0.700,unsupported,"Cambia la encabezado ",0.699,unsupported,,,,,,,,,
V001,1,1.770,0.990,"a resultados ",0.767,unknown,3,"a resultados ",0.767,unknown,"al resultados ",0.467,unknown,"a result resultados ",0.312,unknown,,,,,,
V001,2,2.760,1.340,"2026",0.876,unknown,1,"2026",0.876,unknown,,,,,,,,,,,,
V002,0,0.480,2.920,"Pon como título capítulo tres",0.991,renameTitle,1,"Pon como título capítulo tres",0.991,renameTitle,,,,,,,,,,,,
V003,0,0.420,2.780,"Ponle María José al informe",0.932,renameTitle,1,"Ponle María José al informe",0.932,renameTitle,,,,,,,,,,,,
V004,0,0.690,2.610,"Titula este informe como metodología",0.903,renameTitle,1,"Titula este informe como metodología",0.903,renameTitle,,,,,,,,,,,,
V005,0,0.330,0.720,"Renombre el ",0.620,unknown,2,"Renombre el ",0.620,unknown,"Renombrar el ",0.539,unknown,,,,,,,,,
V005,1,1.050,2.050,"documento SwiftUI",0.674,unknown,4,"documento SwiftUI",0.674,unknown,"documento a SwiftUI",0.381,unknown,"documento de SwiftUI",0.349,unknown,"documento Swift GI",0.334,unknown,,,
V006,0,0.540,0.840,"Actualiza el ",0.922,unknown,1,"Actualiza el ",0.922,unknown,,,,,,,,,,,,
V006,1,1.380,1.140,"nombre evaluación ",0.849,renameTitle,2,"nombre evaluación ",0.849,renameTitle,"nombre de evaluación ",0.567,renameTitle,,,,,,,,,
V006,2,2.520,0.980,"de IHC",0.702,unknown,1,"de IHC",0.702,unknown,,,,,,,,,,,,
V007,0,0.270,3.530,"El título dirá interacción humana computadora",0.966,renameTitle,1,"El título dirá interacción humana computadora",0.966,renameTitle,,,,,,,,,,,,
V008,0,0.420,0.540,"Nombra el ",0.917,unknown,1,"Nombra el ",0.917,unknown,,,,,,,,,,,,
V008,1,0.960,0.300,"acta",0.960,unknown,2,"acta",0.960,unknown,"acta ",0.960,unknown,,,,,,,,,
V008,2,1.260,1.200,", accesibilidad ",0.690,unknown,3,", accesibilidad ",0.690,unknown,"como accesibilidad ",0.503,unknown,"con accesibilidad ",0.395,unknown,,,,,,
V008,3,2.460,1.040,"cognitiva",0.889,unknown,1,"cognitiva",0.889,unknown,,,,,,,,,,,,
V009,0,0.330,1.020,"Cambia el nombre a ",0.881,unsupported,1,"Cambia el nombre a ",0.881,unsupported,,,,,,,,,,,,
V009,1,1.350,1.350,"HC",0.172,unknown,2,"HC",0.172,unknown,"HS",0.028,unknown,,,,,,,,,
V010,0,0.240,2.160,"Ponle de título TDA",0.681,renameTitle,1,"Ponle de título TDA",0.681,renameTitle,,,,,,,,,,,,
V011,0,0.210,1.500,"Bautiza el informe como ",0.916,renameTitle,1,"Bautiza el informe como ",0.916,renameTitle,,,,,,,,,,,,
V011,1,1.710,0.690,"María José",0.500,unknown,2,"María José",0.500,unknown,"María José José",0.157,unknown,,,,,,,,,
V012,0,0.660,0.300,"Qué el ",0.758,unknown,1,"Qué el ",0.758,unknown,,,,,,,,,,,,
V012,1,0.960,1.620,"título si te capítulo ",0.598,unknown,4,"título si te capítulo ",0.598,unknown,"título cito capítulo ",0.583,unknown,"título cite capítulo ",0.597,unknown,"título si capítulo ",0.495,unknown,,,
V012,2,2.580,0.520,"tres",0.689,unknown,1,"tres",0.689,unknown,,,,,,,,,,,,
V013,0,0.270,1.530,"Modificar el encabezado ",0.741,unknown,2,"Modificar el encabezado ",0.741,unknown,"Modifica el encabezado ",0.534,unknown,,,,,,,,,
V013,1,1.800,0.900,"a metodología",0.568,unknown,3,"a metodología",0.568,unknown,"metodología",0.338,unknown,"a Metodología",0.568,unknown,,,,,,
V014,0,0.240,2.360,"El encabezado será resultados",0.984,renameTitle,1,"El encabezado será resultados",0.984,renameTitle,,,,,,,,,,,,
V015,0,0.930,1.570,"Borra la selección",0.947,deleteSelection,1,"Borra la selección",0.947,deleteSelection,,,,,,,,,,,,
V016,0,0.450,1.250,"Elimina esto",0.979,deleteSelection,1,"Elimina esto",0.979,deleteSelection,,,,,,,,,,,,
V017,0,0.330,1.570,"Quita esa frase",0.996,deleteSelection,1,"Quita esa frase",0.996,deleteSelection,,,,,,,,,,,,
V018,0,0.570,1.730,"Suprime el párrafo",0.992,deleteSelection,1,"Suprime el párrafo",0.992,deleteSelection,,,,,,,,,,,,
V019,0,0.540,1.260,"Tacha lo último",0.860,deleteSelection,1,"Tacha lo último",0.860,deleteSelection,,,,,,,,,,,,
V020,0,0.480,1.320,"Corta esa parte",0.981,deleteSelection,1,"Corta esa parte",0.981,deleteSelection,,,,,,,,,,,,
V021,0,0.570,1.730,"Descarta el borrador",0.980,deleteSelection,1,"Descarta el borrador",0.980,deleteSelection,,,,,,,,,,,,
V022,0,0.540,0.760,"Bórralo",0.444,deleteSelection,2,"Bórralo",0.444,deleteSelection,"Borra",0.444,deleteSelection,,,,,,,,,
V023,0,0.330,0.970,"Elimina",0.957,deleteSelection,1,"Elimina",0.957,deleteSelection,,,,,,,,,,,,
V024,0,0.240,1.060,"Quítalo",0.994,deleteSelection,1,"Quítalo",0.994,deleteSelection,,,,,,,,,,,,
V025,0,0.330,2.250,"Reemplaza esta frase por interacción ",0.915,replaceSelection,1,"Reemplaza esta frase por interacción ",0.915,replaceSelection,,,,,,,,,,,,
V025,1,2.580,1.320,"humana computadora",0.530,unknown,4,"humana computadora",0.530,unknown,"humano computadora",0.529,unknown,"humana o computadora",0.366,unknown,"humano o computadora",0.422,unknown,,,
V026,0,0.630,2.770,"Sustituye la palabra por SwiftUI",0.839,replaceSelection,1,"Sustituye la palabra por SwiftUI",0.839,replaceSelection,,,,,,,,,,,,
V027,0,0.630,1.230,"Cambia la cita por ",0.994,unsupported,1,"Cambia la cita por ",0.994,unsupported,,,,,,,,,,,,
V027,1,1.860,1.140,"metodología",0.984,unknown,2,"metodología",0.984,unknown,"Metodología",0.984,unknown,,,,,,,,,
V028,0,1.200,2.200,"Troca esto por TDA",0.868,replaceSelection,1,"Troca esto por TDA",0.868,replaceSelection,,,,,,,,,,,,
V029,0,0.300,1.620,"Escribe evaluación de ",0.805,replaceSelection,1,"Escribe evaluación de ",0.805,replaceSelection,,,,,,,,,,,,
V029,1,1.920,0.780,"IHC",0.501,unknown,2,"IHC",0.501,unknown,"IH C",0.114,unknown,,,,,,,,,
V030,0,0.270,3.830,"Pon resultados 2026 donde dice borrador",0.993,replaceSelection,1,"Pon resultados 2026 donde dice borrador",0.993,replaceSelection,,,,,,,,,,,,
V031,0,0.480,3.120,"Pon capítulo tres tras la introducción",0.915,replaceSelection,1,"Pon capítulo tres tras la introducción",0.915,replaceSelection,,,,,,,,,,,,
V032,0,0.900,2.900,"Reemplázalo por accesibilidad cognitiva",0.988,replaceSelection,1,"Reemplázalo por accesibilidad cognitiva",0.988,replaceSelection,,,,,,,,,,,,
V033,0,0.570,2.330,"Sustitúyelo por María José",0.967,replaceSelection,1,"Sustitúyelo por María José",0.967,replaceSelection,,,,,,,,,,,,
V034,0,0.510,0.630,"Cambias de ",0.686,unknown,2,"Cambias de ",0.686,unknown,"Cambias este ",0.410,unknown,,,,,,,,,
V034,1,1.140,1.560,"término por IHC",0.721,unknown,1,"término por IHC",0.721,unknown,,,,,,,,,,,,
V035,0,0.720,0.450,"Haz lo ",0.902,rewriteSelection,2,"Haz lo ",0.902,rewriteSelection,"Hazlo ",0.100,unknown,,,,,,,,,
V035,1,1.170,0.930,"más breve",0.961,unknown,1,"más breve",0.961,unknown,,,,,,,,,,,,
V036,0,0.960,1.320,"Haz esa parte más ",0.964,rewriteSelection,1,"Haz esa parte más ",0.964,rewriteSelection,,,,,,,,,,,,
V036,1,2.280,0.420,"cara",0.158,unknown,2,"cara",0.158,unknown,"Klas",0.158,unknown,,,,,,,,,
V037,0,0.300,2.300,"Reescribe el párrafo completo",0.968,rewriteSelection,1,"Reescribe el párrafo completo",0.968,rewriteSelection,,,,,,,,,,,,
V038,0,0.720,2.280,"Reformula esto más formal",0.839,rewriteSelection,1,"Reformula esto más formal",0.839,rewriteSelection,,,,,,,,,,,,
V039,0,0.780,0.270,"Haz",0.889,unknown,2,"Haz",0.889,unknown,"Haz ",0.889,unknown,,,,,,,,,
V039,1,1.050,1.550,"la más accesible",0.779,unknown,1,"la más accesible",0.779,unknown,,,,,,,,,,,,
V040,0,0.480,2.520,"Reescribe esto con otras palabras",0.965,rewriteSelection,1,"Reescribe esto con otras palabras",0.965,rewriteSelection,,,,,,,,,,,,
V041,0,0.300,1.900,"Hazlo en tono académico",0.976,rewriteSelection,1,"Hazlo en tono académico",0.976,rewriteSelection,,,,,,,,,,,,
V042,0,0.300,1.900,"Reformula la conclusión",0.829,rewriteSelection,1,"Reformula la conclusión",0.829,rewriteSelection,,,,,,,,,,,,
V043,0,0.300,1.300,"Ponlo en negritas",0.937,formatSelection:bold,1,"Ponlo en negritas",0.937,formatSelection:bold,,,,,,,,,,,,
V044,0,0.240,0.510,"Ponlo en ",0.794,unsupported,1,"Ponlo en ",0.794,unsupported,,,,,,,,,,,,
V044,1,0.750,0.950,"cursivas",0.611,formatSelection:italic,2,"cursivas",0.611,formatSelection:italic,"cursiva",0.023,formatSelection:italic,,,,,,,,,
V045,0,0.480,1.720,"Subraya la cita",0.933,formatSelection:underline,1,"Subraya la cita",0.933,formatSelection:underline,,,,,,,,,,,,
V046,0,0.480,1.380,"Pone negrito ",0.405,unknown,4,"Pone negrito ",0.405,unknown,"Pon el negrito ",0.257,formatSelection:bold,"Pon negrito ",0.253,formatSelection:bold,"Pone el negrito ",0.284,unknown,,,
V046,1,1.860,0.140,"el",0.123,unknown,2,"el",0.123,unknown,"al",0.003,unknown,,,,,,,,,
V047,0,0.480,0.420,"Pon en ",0.797,unsupported,1,"Pon en ",0.797,unsupported,,,,,,,,,,,,
V047,1,0.900,0.630,"cursiva a ",0.644,formatSelection:italic,2,"cursiva a ",0.644,formatSelection:italic,"cursiva ",0.644,formatSelection:italic,,,,,,,,,
V047,2,1.530,1.070,"este párrafo",0.829,unknown,1,"este párrafo",0.829,unknown,,,,,,,,,,,,
V048,0,0.600,0.450,"Marca ",0.969,unsupported,1,"Marca ",0.969,unsupported,,,,,,,,,,,,
V048,1,1.050,0.120,"el ",0.806,unknown,2,"el ",0.806,unknown,"al ",0.042,unknown,,,,,,,,,
V048,2,1.170,0.600,"texto ",0.884,unknown,1,"texto ",0.884,unknown,,,,,,,,,,,,
V048,3,1.770,0.530,"negrita",0.465,formatSelection:bold,2,"negrita",0.465,formatSelection:bold,"negrito",0.005,formatSelection:bold,,,,,,,,,
V049,0,0.810,2.090,"Aplica cursivas a la cita",0.876,formatSelection:italic,1,"Aplica cursivas a la cita",0.876,formatSelection:italic,,,,,,,,,,,,
V050,0,0.630,2.070,"Deja el texto en cursiva",0.982,formatSelection:italic,1,"Deja el texto en cursiva",0.982,formatSelection:italic,,,,,,,,,,,,
V051,0,0.720,1.680,"Resalta el resultado",0.988,formatSelection:bold,1,"Resalta el resultado",0.988,formatSelection:bold,,,,,,,,,,,,
V052,0,1.080,2.020,"Remarca la conclusión",0.982,formatSelection:bold,1,"Remarca la conclusión",0.982,formatSelection:bold,,,,,,,,,,,,
V053,0,0.600,1.300,"Ponlo en negrita",0.983,formatSelection:bold,1,"Ponlo en negrita",0.983,formatSelection:bold,,,,,,,,,,,,
V054,0,0.330,1.570,"Ponlo en cursiva",0.934,formatSelection:italic,1,"Ponlo en cursiva",0.934,formatSelection:italic,,,,,,,,,,,,
V055,0,0.450,1.150,"Subráyalo",0.929,formatSelection:underline,1,"Subráyalo",0.929,formatSelection:underline,,,,,,,,,,,,
V056,0,0.360,1.040,"Negritas",0.985,formatSelection:bold,1,"Negritas",0.985,formatSelection:bold,,,,,,,,,,,,
V057,0,0.240,1.160,"Cursivas",0.952,formatSelection:italic,1,"Cursivas",0.952,formatSelection:italic,,,,,,,,,,,,
V058,0,0.390,1.010,"Subrayado",0.953,formatSelection:underline,1,"Subrayado",0.953,formatSelection:underline,,,,,,,,,,,,
V059,0,0.570,1.430,"Hazle negritas",0.960,unknown,1,"Hazle negritas",0.960,unknown,,,,,,,,,,,,
V060,0,0.720,1.980,"Pon la cita en cursivas",0.991,formatSelection:italic,1,"Pon la cita en cursivas",0.991,formatSelection:italic,,,,,,,,,,,,
V061,0,0.570,2.330,"Aplica el subrayado al párrafo",0.922,formatSelection:underline,1,"Aplica el subrayado al párrafo",0.922,formatSelection:underline,,,,,,,,,,,,
V062,0,0.420,1.880,"Marca esta frase en cursiva",0.911,formatSelection:italic,1,"Marca esta frase en cursiva",0.911,formatSelection:italic,,,,,,,,,,,,
V063,0,0.390,1.710,"Pon el título negrita",0.963,formatSelection:bold,1,"Pon el título negrita",0.963,formatSelection:bold,,,,,,,,,,,,
V064,0,0.270,1.830,"Resalta el título negrita",0.971,formatSelection:bold,1,"Resalta el título negrita",0.971,formatSelection:bold,,,,,,,,,,,,
V065,0,0.150,1.050,"Deshaz",0.782,undo,1,"Deshaz",0.782,undo,,,,,,,,,,,,
V066,0,0.450,1.550,"Deshace eso",0.792,unknown,1,"Deshace eso",0.792,unknown,,,,,,,,,,,,
V067,0,0.390,1.310,"Deshaz hazlo",0.751,undo,1,"Deshaz hazlo",0.751,undo,,,,,,,,,,,,
V068,0,0.930,2.070,"Deshace el último cambio",0.909,unknown,1,"Deshace el último cambio",0.909,unknown,,,,,,,,,,,,
V069,0,0.810,1.290,"Vuelve atrás",0.989,undo,1,"Vuelve atrás",0.989,undo,,,,,,,,,,,,
V070,0,0.390,2.010,"Anula el último cambio",0.986,undo,1,"Anula el último cambio",0.986,undo,,,,,,,,,,,,
V071,0,0.360,1.740,"Cancela la edición",0.974,undo,1,"Cancela la edición",0.974,undo,,,,,,,,,,,,
V072,0,0.570,1.630,"Revierte el cambio",0.982,undo,1,"Revierte el cambio",0.982,undo,,,,,,,,,,,,
V073,0,0.570,1.730,"Vuelve a como estaba",0.908,undo,1,"Vuelve a como estaba",0.908,undo,,,,,,,,,,,,
V074,0,0.690,0.600,"Regresa al ",0.710,undo,2,"Regresa al ",0.710,undo,"Regresa el ",0.416,undo,,,,,,,,,
V074,1,1.290,0.910,"borrador",0.758,unknown,1,"borrador",0.758,unknown,,,,,,,,,,,,
V075,0,0.540,1.760,"Restaura la edición",0.972,undo,1,"Restaura la edición",0.972,undo,,,,,,,,,,,,
V076,0,0.420,1.280,"Échalo para atrás",0.870,undo,1,"Échalo para atrás",0.870,undo,,,,,,,,,,,,
V077,0,0.600,1.800,"Déjalo como estaba",0.991,undo,1,"Déjalo como estaba",0.991,undo,,,,,,,,,,,,
V078,0,0.300,1.600,"Anula eso",0.971,undo,1,"Anula eso",0.971,undo,,,,,,,,,,,,
V079,0,0.600,0.840,"Deshaz ",0.291,undo,3,"Deshaz ",0.291,undo,"Des haz ",0.264,unknown,"Haz ",0.215,unknown,,,,,,
V079,1,1.440,1.160,"el cambio",0.826,unknown,1,"el cambio",0.826,unknown,,,,,,,,,,,,
V080,0,0.990,3.010,"Vuelve al estado anterior",0.973,undo,1,"Vuelve al estado anterior",0.973,undo,,,,,,,,,,,,
V081,0,0.630,0.970,"Rehaz",0.800,redo,1,"Rehaz",0.800,redo,,,,,,,,,,,,
V082,0,0.510,1.590,"Reto",0.012,unknown,4,"Reto",0.012,unknown,"Rehaz esto",0.010,redo,"Reta",0.004,unknown,"Re esto",0.010,unknown,,,
V083,0,0.240,1.160,"Fea hazlo",0.782,unknown,1,"Fea hazlo",0.782,unknown,,,,,,,,,,,,
V084,0,0.390,2.010,"Rehace el último cambio",0.871,redo,1,"Rehace el último cambio",0.871,redo,,,,,,,,,,,,
V085,0,0.450,1.850,"Vuelve a aplicar el cambio",0.958,redo,1,"Vuelve a aplicar el cambio",0.958,redo,,,,,,,,,,,,
V086,0,0.480,0.780,"Aplicar el ",0.505,unknown,3,"Aplicar el ",0.505,unknown,"Re aplicar el ",0.487,unknown,"Re aplicar ",0.473,unknown,,,,,,
V086,1,1.260,1.140,"formato",0.773,unknown,1,"formato",0.773,unknown,,,,,,,,,,,,
V087,0,0.480,0.780,"Restaura ",0.883,undo,2,"Restaura ",0.883,undo,"Restáura",0.883,undo,,,,,,,,,
V087,1,1.260,0.210,"lo ",0.852,unknown,1,"lo ",0.852,unknown,,,,,,,,,,,,
V087,2,1.470,0.730,"deshecho",0.545,unknown,3,"deshecho",0.545,unknown,"desecho",0.102,unknown,"derecho",0.003,unknown,,,,,,
V088,0,0.510,1.890,"Vuelve a poner el texto",0.977,redo,1,"Vuelve a poner el texto",0.977,redo,,,,,,,,,,,,
V089,0,0.510,0.870,"Les haz ",0.301,unknown,4,"Les haz ",0.301,unknown,"Deshaz ",0.172,undo,"Des haz ",0.300,unknown,"Haz ",0.300,unknown,,,
V089,1,1.380,1.920,"el deshacer",0.501,unknown,1,"el deshacer",0.501,unknown,,,,,,,,,,,,
V090,0,0.480,2.420,"Repite el cambio de desecho",0.902,unknown,1,"Repite el cambio de desecho",0.902,unknown,,,,,,,,,,,,
V091,0,0.480,0.840,"Rehace el ",0.703,redo,3,"Rehace el ",0.703,redo,"Realce el ",0.503,unknown,"Race el ",0.469,unknown,,,,,,
V091,1,1.320,1.180,"cambio",0.939,unknown,1,"cambio",0.939,unknown,,,,,,,,,,,,
V092,0,0.660,2.240,"Vuelve a aplicar la edición",0.957,redo,1,"Vuelve a aplicar la edición",0.957,redo,,,,,,,,,,,,
V093,0,1.080,1.110,"Restaura lo que ",0.994,undo,1,"Restaura lo que ",0.994,undo,,,,,,,,,,,,
V093,1,2.190,1.210,"deshice",0.962,unknown,2,"deshice",0.962,unknown,"deshizo",0.036,unknown,,,,,,,,,
V094,0,0.630,0.630,"Creas ",0.382,unknown,2,"Creas ",0.382,unknown,"Creadas ",0.381,unknown,,,,,,,,,
V094,1,1.260,1.140,"el cambio",0.932,unknown,1,"el cambio",0.932,unknown,,,,,,,,,,,,
V095,0,0.480,1.620,"Rehaz la edición",0.846,redo,1,"Rehaz la edición",0.846,redo,,,,,,,,,,,,
V096,0,0.360,1.840,"Vuelve a aplicar eso",0.923,redo,1,"Vuelve a aplicar eso",0.923,redo,,,,,,,,,,,,
V097,0,0.360,1.740,"Busca TDA",0.411,findText,3,"Busca TDA",0.411,findText,"Busca TD",0.390,findText,"Busca PDA",0.410,findText,,,,,,
V098,0,0.270,2.030,"Encuentra IHC",0.790,findText,1,"Encuentra IHC",0.790,findText,,,,,,,,,,,,
V099,0,0.300,2.500,"Localiza SwiftUI",0.860,findText,1,"Localiza SwiftUI",0.860,findText,,,,,,,,,,,,
V100,0,0.150,2.650,"Busca accesibilidad cognitiva",0.972,findText,1,"Busca accesibilidad cognitiva",0.972,findText,,,,,,,,,,,,
V101,0,0.990,0.660,"Encuentra ",0.994,unknown,1,"Encuentra ",0.994,unknown,,,,,,,,,,,,
V101,1,1.650,1.250,"Metodología",0.986,unknown,2,"Metodología",0.986,unknown,"metodología",0.986,unknown,,,,,,,,,
V102,0,0.420,3.580,"Busca la palabra evaluación de IHC",0.932,findText,1,"Busca la palabra evaluación de IHC",0.932,findText,,,,,,,,,,,,
V103,0,0.510,0.390,"Haya ",0.817,unknown,2,"Haya ",0.817,unknown,"Hay haya ",0.512,unknown,,,,,,,,,
V103,1,0.900,1.400,"capítulo tres",0.927,unknown,1,"capítulo tres",0.927,unknown,,,,,,,,,,,,
V104,0,0.600,0.930,"Rastrea a ",0.580,findText,2,"Rastrea a ",0.580,findText,"Rastrea ",0.580,unknown,,,,,,,,,
V104,1,1.530,1.170,"María José",0.664,unknown,1,"María José",0.664,unknown,,,,,,,,,,,,
V105,0,0.780,2.820,"Busca interacción humana computadora",0.987,findText,1,"Busca interacción humana computadora",0.987,findText,,,,,,,,,,,,
V106,0,0.720,3.180,"Encuentra resultados 2026",0.994,findText,1,"Encuentra resultados 2026",0.994,findText,,,,,,,,,,,,
V107,0,0.750,0.690,"Detecta ",0.990,unknown,2,"Detecta ",0.990,unknown,"De detecta ",0.674,unknown,,,,,,,,,
V107,1,1.440,1.760,"la cita duplicada",0.980,unknown,1,"la cita duplicada",0.980,unknown,,,,,,,,,,,,
V108,0,0.630,2.270,"Ubica el segundo párrafo",0.986,findText,1,"Ubica el segundo párrafo",0.986,findText,,,,,,,,,,,,
V109,0,0.570,3.130,"Selecciona el segundo párrafo",0.990,selectText,1,"Selecciona el segundo párrafo",0.990,selectText,,,,,,,,,,,,
V110,0,0.540,2.060,"Marca esta frase",0.978,selectText,1,"Marca esta frase",0.978,selectText,,,,,,,,,,,,
V111,0,0.570,2.130,"Elige accesibilidad",0.929,selectText,1,"Elige accesibilidad",0.929,selectText,,,,,,,,,,,,
V112,0,0.600,2.000,"Toma el capítulo tres",0.993,selectText,1,"Toma el capítulo tres",0.993,selectText,,,,,,,,,,,,
V113,0,0.450,2.650,"Señala la palabra TDA",0.641,selectText,1,"Señala la palabra TDA",0.641,selectText,,,,,,,,,,,,
V114,0,0.510,2.190,"Selecciona María José",0.931,selectText,1,"Selecciona María José",0.931,selectText,,,,,,,,,,,,
V115,0,0.390,2.010,"Marca IHC",0.690,selectText,1,"Marca IHC",0.690,selectText,,,,,,,,,,,,
V116,0,0.450,0.690,"Enfoca ",0.937,unknown,2,"Enfoca ",0.937,unknown,"En enfoca ",0.383,unknown,,,,,,,,,
V116,1,1.140,1.460,"la conclusión",0.950,unknown,1,"la conclusión",0.950,unknown,,,,,,,,,,,,
V117,0,0.870,2.930,"Aparta el párrafo duplicado",0.975,selectText,1,"Aparta el párrafo duplicado",0.975,selectText,,,,,,,,,,,,
V118,0,0.780,0.690,"Te limita ",0.732,unknown,2,"Te limita ",0.732,unknown,"Temita ",0.121,unknown,,,,,,,,,
V118,1,1.470,0.780,"evaluación ",0.831,unknown,1,"evaluación ",0.831,unknown,,,,,,,,,,,,
V118,2,2.250,0.750,"de IH",0.450,unknown,2,"de IH",0.450,unknown,"de IIH",0.372,unknown,,,,,,,,,
V119,0,0.540,1.660,"Guarda el documento",0.992,saveDocument,1,"Guarda el documento",0.992,saveDocument,,,,,,,,,,,,
V120,0,0.660,1.640,"Archiva el informe",0.963,saveDocument,1,"Archiva el informe",0.963,saveDocument,,,,,,,,,,,,
V121,0,0.570,0.830,"Guárdalo",0.958,saveDocument,1,"Guárdalo",0.958,saveDocument,,,,,,,,,,,,
V122,0,0.540,1.860,"Respalda el borrador",0.895,saveDocument,1,"Respalda el borrador",0.895,saveDocument,,,,,,,,,,,,
V123,0,0.480,1.920,"Preserva los cambios",0.993,saveDocument,1,"Preserva los cambios",0.993,saveDocument,,,,,,,,,,,,
V124,0,0.330,1.870,"Registra el acta",0.991,saveDocument,1,"Registra el acta",0.991,saveDocument,,,,,,,,,,,,
V125,0,0.480,1.820,"Abre el archivo anterior",0.987,openDocument,1,"Abre el archivo anterior",0.987,openDocument,,,,,,,,,,,,
V126,0,0.480,0.780,"Recupera ",0.885,unknown,1,"Recupera ",0.885,unknown,,,,,,,,,,,,
V126,1,1.260,0.510,"la acta ",0.787,unknown,2,"la acta ",0.787,unknown,"el acta ",0.455,unknown,,,,,,,,,
V126,2,1.770,0.830,"vieja",0.940,unknown,1,"vieja",0.940,unknown,,,,,,,,,,,,
V127,0,0.540,0.960,"Ábrelo",0.932,openDocument,1,"Ábrelo",0.932,openDocument,,,,,,,,,,,,
V128,0,0.720,0.570,"Carga el ",0.826,openDocument,2,"Carga el ",0.826,openDocument,"Carga del ",0.570,openDocument,,,,,,,,,
V128,1,1.290,1.810,"informe guardado",0.936,unknown,1,"informe guardado",0.936,unknown,,,,,,,,,,,,
V129,0,0.390,1.810,"Muestra el capítulo tres",0.987,openDocument,1,"Muestra el capítulo tres",0.987,openDocument,,,,,,,,,,,,
V130,0,0.480,2.420,"Trae el documento de María José",0.962,openDocument,1,"Trae el documento de María José",0.962,openDocument,,,,,,,,,,,,
V131,0,0.510,0.930,"Exporta ",0.837,unsupported,1,"Exporta ",0.837,unsupported,,,,,,,,,,,,
V131,1,1.440,0.960,"pdf",0.937,unknown,2,"pdf",0.937,unknown,"PDF",0.937,unknown,,,,,,,,,
V132,0,0.480,2.620,"Guarda una copia como PDF",0.993,exportDocument:pdf,1,"Guarda una copia como PDF",0.993,exportDocument:pdf,,,,,,,,,,,,
V133,0,0.480,2.020,"Genera el documento en Word",0.923,exportDocument:word,1,"Genera el documento en Word",0.923,exportDocument:word,,,,,,,,,,,,
V134,0,0.300,0.810,"Convierte ",0.933,unknown,2,"Convierte ",0.933,unknown,"Convierte a ",0.519,unsupported,,,,,,,,,
V134,1,1.110,1.290,"texto plano",0.937,unknown,1,"texto plano",0.937,unknown,,,,,,,,,,,,
V135,0,0.300,3.100,"Produce una versión en formato enriquecido",0.975,exportDocument:richText,1,"Produce una versión en formato enriquecido",0.975,exportDocument:richText,,,,,,,,,,,,
V136,0,0.360,1.110,"Saca el acta ",0.847,unsupported,2,"Saca el acta ",0.847,unsupported,"Saca la acta ",0.627,unsupported,,,,,,,,,
V136,1,1.470,1.130,"en PDF",0.879,unknown,1,"en PDF",0.879,unknown,,,,,,,,,,,,
V137,0,0.390,1.710,"Imprime el documento",0.935,unsupported,1,"Imprime el documento",0.935,unsupported,,,,,,,,,,,,
V138,0,0.450,1.350,"Traduce este párrafo ",0.887,unsupported,1,"Traduce este párrafo ",0.887,unsupported,,,,,,,,,,,,
V138,1,1.800,0.060,"al ",0.449,unknown,2,"al ",0.449,unknown,"en ",0.064,unknown,,,,,,,,,
V138,2,1.860,0.540,"inglés",0.581,unknown,1,"inglés",0.581,unknown,,,,,,,,,,,,
V139,0,0.510,1.590,"Envía esto por correo",0.979,unsupported,1,"Envía esto por correo",0.979,unsupported,,,,,,,,,,,,
V140,0,0.510,1.790,"Comprime el archivo final",0.983,unsupported,1,"Comprime el archivo final",0.983,unsupported,,,,,,,,,,,,
V141,0,0.450,2.150,"Cifra del informe confidencial",0.911,unsupported,1,"Cifra del informe confidencial",0.911,unsupported,,,,,,,,,,,,
V142,0,0.360,0.630,"Firma ",0.830,unsupported,2,"Firma ",0.830,unsupported,"Fírma",0.830,unsupported,,,,,,,,,
V142,1,0.990,0.510,"la",0.699,unknown,1,"la",0.699,unknown,,,,,,,,,,,,
V143,0,0.630,2.170,"Comparte el borrador con el equipo",0.974,unsupported,1,"Comparte el borrador con el equipo",0.974,unsupported,,,,,,,,,,,,
V144,0,0.510,2.090,"Sube el documento a la nube",0.980,unsupported,1,"Sube el documento a la nube",0.980,unsupported,,,,,,,,,,,,
V145,0,0.600,2.100,"Agenda una revisión para mañana",0.978,unsupported,1,"Agenda una revisión para mañana",0.978,unsupported,,,,,,,,,,,,
V146,0,0.690,1.910,"Programa un recordatorio",0.991,unsupported,1,"Programa un recordatorio",0.991,unsupported,,,,,,,,,,,,
V147,0,0.510,1.230,"Dicta el siguiente ",0.943,unsupported,1,"Dicta el siguiente ",0.943,unsupported,,,,,,,,,,,,
V147,1,1.740,0.560,"parra",0.798,unknown,2,"parra",0.798,unknown,"Parra",0.798,unknown,,,,,,,,,
V148,0,0.480,2.020,"Lee el informe en voz al",0.875,unsupported,1,"Lee el informe en voz al",0.875,unsupported,,,,,,,,,,,,
V149,0,0.300,2.500,"Cuenta las palabras del texto",0.942,unsupported,1,"Cuenta las palabras del texto",0.942,unsupported,,,,,,,,,,,,
V150,0,0.480,1.820,"Copiar la selección",0.662,unsupported,1,"Copiar la selección",0.662,unsupported,,,,,,,,,,,,
V151,0,0.600,1.700,"Pega el contenido",0.991,unsupported,1,"Pega el contenido",0.991,unsupported,,,,,,,,,,,,
V152,0,0.540,2.160,"Cierra el documento",0.985,unsupported,1,"Cierra el documento",0.985,unsupported,,,,,,,,,,,,
V153,0,0.390,0.900,"Numera las ",0.863,unsupported,2,"Numera las ",0.863,unsupported,"Numeral las ",0.608,unknown,,,,,,,,,
V153,1,1.290,1.010,"páginas",0.945,unknown,1,"páginas",0.945,unknown,,,,,,,,,,,,
V154,0,0.540,0.840,"Central ",0.957,unknown,2,"Central ",0.957,unknown,"Central el ",0.402,unknown,,,,,,,,,
V154,1,1.380,1.020,"título",0.907,unknown,1,"título",0.907,unknown,,,,,,,,,,,,
V155,0,0.480,0.870,"Escanea la ",0.909,unsupported,2,"Escanea la ",0.909,unsupported,"Escanear la ",0.579,unsupported,,,,,,,,,
V155,1,1.350,0.750,"página",0.959,unknown,1,"página",0.959,unknown,,,,,,,,,,,,
V156,0,0.630,1.670,"Recorta la imagen",0.971,unsupported,1,"Recorta la imagen",0.971,unsupported,,,,,,,,,,,,
V157,0,1.440,1.960,"Resume el informe",0.992,unsupported,1,"Resume el informe",0.992,unsupported,,,,,,,,,,,,
V158,0,0.540,2.060,"Busca en Internet",0.987,unsupported,1,"Busca en Internet",0.987,unsupported,,,,,,,,,,,,
V159,0,0.750,1.250,"No estoy",0.704,unknown,1,"No estoy",0.704,unknown,,,,,,,,,,,,
V160,0,0.450,1.950,"Déjame pensarlo un momento",0.940,unknown,1,"Déjame pensarlo un momento",0.940,unknown,,,,,,,,,,,,
V163,0,0.810,1.890,"Hace calor aquí hoy",0.993,unknown,1,"Hace calor aquí hoy",0.993,unknown,,,,,,,,,,,,
V164,0,1.200,2.300,"El informe quedó listo ayer",0.993,unknown,1,"El informe quedó listo ayer",0.993,unknown,,,,,,,,,,,,
V165,0,0.570,1.530,"Traigo sueño",0.975,unknown,1,"Traigo sueño",0.975,unknown,,,,,,,,,,,,
V166,0,0.420,1.480,"Se acabó la pila",0.898,unknown,1,"Se acabó la pila",0.898,unknown,,,,,,,,,,,,
V167,0,0.330,1.170,"No hay señal",0.990,unknown,1,"No hay señal",0.990,unknown,,,,,,,,,,,,
V168,0,0.300,2.100,"Mañana hablamos el proyecto",0.988,unknown,1,"Mañana hablamos el proyecto",0.988,unknown,,,,,,,,,,,,
V169,0,0.240,1.160,"Gracias por tu ayuda",0.928,unknown,1,"Gracias por tu ayuda",0.928,unknown,,,,,,,,,,,,
V170,0,0.330,0.870,"Qué hora es",0.989,unknown,1,"Qué hora es",0.989,unknown,,,,,,,,,,,,
V171,0,0.480,1.020,"Ay te llovió ",0.428,unknown,5,"Ay te llovió ",0.428,unknown,"Ay cierto llovió ",0.341,unknown,"Ay ayer llovió ",0.188,unknown,"Hi te llovió ",0.388,unknown,"Ay che llovió ",0.302,unknown
V171,1,1.500,0.700,"mucho",0.877,unknown,1,"mucho",0.877,unknown,,,,,,,,,,,,
V172,0,0.240,1.200,"El gerente cambió ",0.855,unknown,1,"El gerente cambió ",0.855,unknown,,,,,,,,,,,,
V172,1,1.440,0.090,"el ",0.878,unknown,2,"el ",0.878,unknown,"al ",0.093,unknown,,,,,,,,,
V172,2,1.530,0.770,"proveedor",0.890,unknown,1,"proveedor",0.890,unknown,,,,,,,,,,,,
V173,0,0.600,4.300,"Borra información accidentalmente afecta",0.985,deleteSelection,1,"Borra información accidentalmente afecta",0.985,deleteSelection,,,,,,,,,,,,
V174,0,0.270,1.430,"Qué buen café",0.982,unknown,1,"Qué buen café",0.982,unknown,,,,,,,,,,,,
V175,0,0.480,1.220,"Pues eso creo",0.992,unknown,1,"Pues eso creo",0.992,unknown,,,,,,,,,,,,
V176,0,0.330,1.070,"Encuéntralo",0.988,unknown,1,"Encuéntralo",0.988,unknown,,,,,,,,,,,,
V177,0,0.300,1.300,"Selecciona",0.859,unknown,3,"Selecciona",0.859,unknown,"Selecciónala",0.177,unknown,"Seleccionar",0.070,unknown,,,,,,
V178,0,0.540,0.300,"El ",0.974,unknown,1,"El ",0.974,unknown,,,,,,,,,,,,
V178,1,0.840,0.690,"acta está ",0.893,unknown,2,"acta está ",0.893,unknown,"acto está ",0.525,unknown,,,,,,,,,
V178,2,1.530,1.370,"sobre la mesa",0.897,unknown,1,"sobre la mesa",0.897,unknown,,,,,,,,,,,,
V179,0,0.480,1.620,"Hoy es un buen día",0.991,unknown,1,"Hoy es un buen día",0.991,unknown,,,,,,,,,,,,
V180,0,0.990,1.810,"Nos vemos mañana",0.979,unknown,1,"Nos vemos mañana",0.979,unknown,,,,,,,,,,,,
